id,driving_exp_clean,income,credit_score,vehicle_ownership,vehicle_year,annual_mileage,vehicle_type,speeding_violations,duis,past_accidents,outcome
468466,0-9,poverty,0.3547285539804473,0.0,before 2015,9000.0,sedan,0,0,0,1.0
122326,0-9,poverty,0.3105687885204088,1.0,before 2015,17000.0,sedan,0,0,0,1.0
642405,20-29,upper class,0.561554377080833,1.0,after 2015,13000.0,sedan,0,0,1,0.0
186651,10-19,working class,0.6897285195206259,1.0,after 2015,13000.0,sedan,1,0,1,0.0
932232,20-29,upper class,0.7582161504203389,1.0,after 2015,11000.0,sedan,2,0,1,0.0
698548,0-9,middle class,0.515812809602791,0.0,before 2015,8000.0,sedan,0,0,0,1.0
453738,0-9,working class,0.4423001568608759,0.0,after 2015,11697.0,sedan,0,0,0,1.0
307408,10-19,working class,0.515812809602791,1.0,before 2015,9000.0,sedan,2,0,0,0.0
888074,20-29,upper class,0.621404881258166,1.0,after 2015,8000.0,sedan,4,1,3,0.0
38164,10-19,working class,0.4861571716311871,0.0,before 2015,12000.0,sedan,0,0,0,1.0
170745,20-29,upper class,0.6057987169966054,1.0,after 2015,9000.0,sedan,1,0,0,0.0
177602,10-19,working class,0.5541543351280077,0.0,before 2015,11697.0,sedan,2,1,0,1.0
618829,0-9,upper class,0.7621694620604794,1.0,before 2015,10000.0,sedan,0,0,0,1.0
415422,20-29,middle class,0.5375697591393559,0.0,before 2015,8000.0,sedan,0,1,4,0.0
949590,20-29,middle class,0.4185435108671473,1.0,before 2015,12000.0,sedan,4,0,0,1.0
538916,0-9,poverty,0.4151650937990213,1.0,before 2015,13000.0,sedan,0,0,0,0.0
105009,0-9,poverty,0.2299027004575464,0.0,before 2015,10000.0,sedan,0,0,0,1.0
996737,10-19,working class,0.4755018969121138,1.0,before 2015,13000.0,sedan,2,0,2,0.0
406911,20-29,upper class,0.551114836540885,0.0,before 2015,11000.0,sedan,5,0,0,0.0
868539,0-9,poverty,0.515812809602791,0.0,before 2015,7000.0,sedan,0,0,0,1.0
735970,20-29,working class,0.4849226786837624,1.0,before 2015,13000.0,sedan,4,2,5,0.0
81569,30+,upper class,0.6288764873080216,1.0,before 2015,7000.0,sedan,2,1,3,0.0
917126,30+,upper class,0.515812809602791,1.0,before 2015,9000.0,sedan,11,2,4,0.0
754120,0-9,working class,0.515812809602791,1.0,after 2015,14000.0,sedan,0,0,0,1.0
376531,10-19,poverty,0.3533941820525979,1.0,before 2015,11000.0,sports car,1,0,0,0.0
104366,10-19,middle class,0.6078036995033183,1.0,after 2015,12000.0,sedan,0,1,1,0.0
464357,20-29,upper class,0.8326489563639781,0.0,before 2015,10000.0,sports car,1,2,2,0.0
761268,20-29,upper class,0.6408449598274882,1.0,after 2015,12000.0,sedan,1,0,3,0.0
57769,10-19,working class,0.3456316481039522,1.0,before 2015,10000.0,sedan,0,1,1,0.0
18002,0-9,poverty,0.4125268753132208,0.0,before 2015,16000.0,sedan,0,0,0,1.0
578026,10-19,poverty,0.2584986475919236,1.0,before 2015,14000.0,sedan,0,0,1,0.0
659121,20-29,upper class,0.515812809602791,1.0,before 2015,9000.0,sports car,6,0,5,0.0
321859,10-19,working class,0.3566916562731372,0.0,after 2015,10000.0,sedan,1,0,2,0.0
808000,0-9,upper class,0.4895004040886845,1.0,after 2015,15000.0,sedan,0,0,0,0.0
302730,0-9,upper class,0.5938397667961058,1.0,after 2015,14000.0,sedan,0,0,0,0.0
181687,20-29,middle class,0.4548693853003646,1.0,before 2015,9000.0,sedan,3,1,3,0.0
841491,10-19,working class,0.6469238969549422,0.0,before 2015,12000.0,sedan,0,0,1,0.0
518520,10-19,poverty,0.4284619960577508,1.0,before 2015,12000.0,sedan,0,0,1,0.0
656474,20-29,upper class,0.701307725246646,1.0,after 2015,9000.0,sedan,5,0,0,0.0
512014,30+,middle class,0.6423726842464099,0.0,before 2015,13000.0,sedan,8,2,1,0.0
629213,10-19,upper class,0.5337010547648954,1.0,before 2015,11697.0,sedan,2,0,1,1.0
963365,30+,middle class,0.5617405020058411,1.0,after 2015,14000.0,sedan,6,0,2,0.0
815872,10-19,middle class,0.515812809602791,1.0,before 2015,9000.0,sedan,2,0,0,0.0
754668,10-19,poverty,0.515812809602791,1.0,before 2015,13000.0,sedan,0,0,2,0.0
833749,30+,upper class,0.6100130831768541,1.0,after 2015,14000.0,sedan,4,1,2,0.0
823828,20-29,working class,0.5250591110723005,0.0,before 2015,10000.0,sedan,0,0,1,0.0
169486,10-19,poverty,0.2427347048473718,0.0,before 2015,8000.0,sedan,2,0,0,0.0
604985,10-19,upper class,0.6572904169685266,1.0,after 2015,10000.0,sedan,1,1,0,0.0
429947,30+,upper class,0.515812809602791,0.0,after 2015,12000.0,sports car,6,0,5,0.0
872505,20-29,middle class,0.3944149591836174,0.0,before 2015,6000.0,sedan,6,1,3,0.0
802707,0-9,working class,0.5667317403812019,1.0,before 2015,15000.0,sedan,0,0,0,1.0
163235,10-19,upper class,0.5979053031002317,0.0,before 2015,12000.0,sedan,0,0,1,1.0
58284,20-29,upper class,0.524854140061048,1.0,before 2015,12000.0,sedan,2,1,3,0.0
64923,20-29,working class,0.305441859303222,1.0,before 2015,11697.0,sedan,7,0,1,0.0
584626,0-9,middle class,0.3197485541699239,1.0,before 2015,9000.0,sedan,0,0,0,0.0
211111,0-9,upper class,0.6208050516360596,1.0,after 2015,13000.0,sedan,0,0,0,0.0
545309,20-29,upper class,0.5501302706237786,1.0,after 2015,7000.0,sports car,2,0,1,0.0
560773,10-19,upper class,0.6624617559275001,1.0,after 2015,13000.0,sedan,1,0,1,0.0
898142,10-19,upper class,0.4954896401934541,0.0,before 2015,7000.0,sedan,3,2,0,1.0
307824,0-9,working class,0.4457678862819977,0.0,before 2015,15000.0,sedan,0,0,0,1.0
484906,20-29,middle class,0.709246871000109,0.0,before 2015,8000.0,sedan,4,0,4,0.0
946088,20-29,upper class,0.5442289471637797,0.0,before 2015,7000.0,sedan,12,0,6,0.0
732295,20-29,upper class,0.6862027857536264,1.0,before 2015,14000.0,sedan,0,0,3,0.0
411538,30+,upper class,0.7083031547322626,1.0,after 2015,11697.0,sedan,3,0,2,0.0
271618,10-19,working class,0.3811525557741302,1.0,before 2015,11000.0,sedan,1,0,1,0.0
874998,10-19,upper class,0.6436708526397987,1.0,after 2015,11697.0,sedan,1,1,1,0.0
403691,10-19,middle class,0.4744787874496229,1.0,before 2015,15000.0,sedan,1,0,0,0.0
673931,20-29,upper class,0.5613073851208908,1.0,before 2015,11000.0,sedan,2,0,3,0.0
879310,20-29,upper class,0.6973899990930335,1.0,before 2015,8000.0,sedan,3,3,0,0.0
840397,10-19,middle class,0.584909082765056,0.0,after 2015,15000.0,sedan,0,0,0,0.0
736323,0-9,poverty,0.336185325210513,0.0,before 2015,9000.0,sedan,0,0,0,1.0
23557,0-9,middle class,0.5091877815444962,0.0,before 2015,12000.0,sedan,0,0,0,1.0
390441,10-19,middle class,0.4909957303035646,1.0,after 2015,14000.0,sedan,2,0,0,1.0
916846,0-9,working class,0.3642655106430805,0.0,before 2015,11697.0,sedan,0,0,0,1.0
622100,0-9,upper class,0.4530919726753057,1.0,before 2015,15000.0,sedan,0,0,0,1.0
156901,30+,upper class,0.7325021979209161,1.0,before 2015,11697.0,sedan,3,0,4,0.0
182184,0-9,upper class,0.515812809602791,1.0,after 2015,11000.0,sedan,0,0,0,0.0
329536,0-9,poverty,0.4613735917269193,0.0,before 2015,9000.0,sedan,0,0,0,1.0
978371,0-9,upper class,0.522308261261471,1.0,before 2015,10000.0,sedan,0,0,0,0.0
291441,0-9,working class,0.5468524546537378,0.0,after 2015,15000.0,sedan,0,0,0,1.0
56973,10-19,working class,0.3617024291111733,1.0,before 2015,10000.0,sedan,0,0,0,0.0
451000,10-19,upper class,0.6018766889416584,1.0,before 2015,11000.0,sedan,2,0,1,0.0
370672,10-19,poverty,0.2874575410236509,0.0,before 2015,11697.0,sedan,2,1,2,1.0
157813,0-9,poverty,0.457857964989568,1.0,before 2015,14000.0,sports car,0,0,0,0.0
901806,0-9,poverty,0.2525014821570652,1.0,before 2015,9000.0,sedan,0,0,0,1.0
932763,30+,upper class,0.5897413759981436,1.0,after 2015,9000.0,sedan,9,0,1,0.0
368643,20-29,upper class,0.4463351888977299,1.0,before 2015,8000.0,sedan,2,0,4,1.0
894905,0-9,upper class,0.6476239396059197,1.0,after 2015,11697.0,sedan,0,0,0,0.0
865918,0-9,middle class,0.4444947827993517,0.0,before 2015,12000.0,sedan,0,0,0,1.0
781175,0-9,working class,0.5682353281583452,0.0,after 2015,14000.0,sedan,0,0,0,1.0
617147,10-19,poverty,0.3016306075615495,1.0,before 2015,11000.0,sedan,1,0,0,1.0
655303,10-19,working class,0.3086161858723703,0.0,before 2015,12000.0,sedan,2,1,1,1.0
179037,20-29,upper class,0.4806646301272015,1.0,before 2015,9000.0,sedan,5,0,3,0.0
915741,10-19,poverty,0.4930191594999687,0.0,before 2015,13000.0,sedan,0,0,1,1.0
45157,0-9,poverty,0.292372046730257,0.0,before 2015,11000.0,sedan,0,0,0,1.0
319494,0-9,upper class,0.7306774626064182,1.0,after 2015,13000.0,sedan,0,0,0,0.0
424768,10-19,upper class,0.5213848385800545,1.0,after 2015,9000.0,sedan,2,1,0,1.0
459835,0-9,poverty,0.2595222818911519,1.0,before 2015,11000.0,sedan,0,0,0,1.0
3004,10-19,middle class,0.4990390378280581,1.0,before 2015,9000.0,sedan,2,1,2,0.0
373872,0-9,middle class,0.5117376349446104,1.0,before 2015,13000.0,sedan,0,0,0,1.0
995469,0-9,poverty,0.515812809602791,0.0,before 2015,17000.0,sedan,0,0,0,1.0
217086,10-19,upper class,0.5835763192486061,1.0,before 2015,11697.0,sedan,0,0,0,0.0
235390,30+,upper class,0.6958419935317093,1.0,before 2015,11000.0,sedan,7,1,0,0.0
567122,10-19,upper class,0.5213673670739867,1.0,before 2015,8000.0,sedan,0,0,0,0.0
739141,10-19,middle class,0.4281283031639512,1.0,before 2015,13000.0,sedan,0,1,3,0.0
981793,20-29,upper class,0.7124790221331048,1.0,after 2015,9000.0,sedan,2,1,5,0.0
193717,20-29,upper class,0.5479998013492653,1.0,after 2015,15000.0,sedan,0,0,1,0.0
663564,0-9,poverty,0.3698460345206058,0.0,before 2015,14000.0,sedan,0,0,0,1.0
789708,20-29,working class,0.5236719528069572,1.0,before 2015,12000.0,sedan,0,1,0,0.0
443691,0-9,working class,0.515812809602791,0.0,after 2015,13000.0,sports car,0,0,0,1.0
523076,20-29,upper class,0.6585671277860121,1.0,after 2015,10000.0,sedan,3,1,2,0.0
210356,0-9,poverty,0.3093306042396641,1.0,before 2015,6000.0,sedan,0,0,0,1.0
523141,10-19,upper class,0.6579598171546398,1.0,after 2015,11000.0,sedan,1,0,1,0.0
255685,20-29,upper class,0.5597353692525334,1.0,after 2015,11697.0,sedan,5,0,1,0.0
279295,10-19,upper class,0.6464929639421738,1.0,before 2015,6000.0,sedan,1,0,0,0.0
882775,0-9,working class,0.4237711447220497,1.0,after 2015,13000.0,sedan,0,0,0,1.0
656578,0-9,poverty,0.3232024613815447,0.0,before 2015,14000.0,sedan,0,0,0,1.0
14977,10-19,middle class,0.5366566783666077,1.0,after 2015,13000.0,sedan,1,0,1,0.0
595493,0-9,upper class,0.5910270591496051,1.0,after 2015,9000.0,sedan,0,0,0,0.0
187211,30+,working class,0.5754871515595443,1.0,before 2015,15000.0,sedan,1,0,0,0.0
843861,0-9,poverty,0.2888981487018826,1.0,before 2015,13000.0,sedan,0,0,0,1.0
319786,0-9,upper class,0.6082656962441383,1.0,before 2015,13000.0,sedan,0,0,0,1.0
677939,10-19,upper class,0.6376023030196369,1.0,after 2015,16000.0,sedan,0,0,0,0.0
187975,0-9,poverty,0.4610393716795908,1.0,before 2015,11697.0,sedan,0,0,0,0.0
647537,0-9,poverty,0.6053845904364437,0.0,before 2015,16000.0,sedan,0,0,0,1.0
899957,20-29,upper class,0.515812809602791,1.0,before 2015,15000.0,sedan,0,1,1,0.0
305388,0-9,upper class,0.5253374353831595,1.0,after 2015,12000.0,sedan,0,0,0,0.0
743389,0-9,upper class,0.5590653185128583,1.0,before 2015,11000.0,sedan,0,0,0,1.0
808629,0-9,working class,0.3922141519632884,1.0,before 2015,12000.0,sedan,0,0,0,1.0
841092,10-19,middle class,0.4118152950314071,1.0,before 2015,11000.0,sedan,1,0,0,1.0
257863,0-9,upper class,0.8016635665229673,1.0,after 2015,10000.0,sedan,0,0,0,0.0
414428,0-9,poverty,0.4171474102529754,0.0,before 2015,8000.0,sedan,0,0,0,1.0
237845,10-19,poverty,0.4142474572529065,0.0,before 2015,16000.0,sedan,2,0,2,1.0
921134,0-9,upper class,0.5975466225645271,0.0,before 2015,16000.0,sedan,0,0,0,1.0
235196,0-9,poverty,0.3554378159795619,0.0,before 2015,14000.0,sedan,0,0,0,1.0
971543,0-9,poverty,0.2104283800148802,0.0,before 2015,15000.0,sedan,0,0,0,1.0
737832,20-29,upper class,0.5217651206687128,1.0,before 2015,12000.0,sedan,2,1,4,0.0
267400,0-9,upper class,0.5533950888413254,1.0,before 2015,9000.0,sedan,0,0,0,1.0
46088,10-19,poverty,0.3625696492158224,0.0,before 2015,11697.0,sedan,1,0,0,0.0
401166,30+,upper class,0.6560726354622702,1.0,before 2015,9000.0,sedan,3,1,2,0.0
665832,20-29,upper class,0.6929337498339926,1.0,before 2015,11697.0,sedan,4,3,6,0.0
572262,20-29,upper class,0.6732474563540362,0.0,before 2015,13000.0,sedan,0,0,0,0.0
938,10-19,upper class,0.6092585539325299,1.0,after 2015,10000.0,sedan,0,0,1,0.0
495705,10-19,upper class,0.8163355504321163,1.0,after 2015,11000.0,sedan,1,1,1,0.0
656626,0-9,middle class,0.5641567210231543,1.0,before 2015,13000.0,sedan,0,0,0,0.0
727943,0-9,middle class,0.5757707974509628,1.0,before 2015,11000.0,sedan,0,0,0,1.0
894365,20-29,middle class,0.5055283308456225,1.0,before 2015,13000.0,sedan,2,0,4,0.0
460575,20-29,upper class,0.6349882171781278,1.0,before 2015,12000.0,sports car,0,0,0,0.0
479439,20-29,working class,0.515812809602791,0.0,after 2015,12000.0,sedan,2,0,0,0.0
573601,20-29,middle class,0.622640063013135,1.0,after 2015,10000.0,sedan,5,0,1,0.0
950680,20-29,working class,0.3936059091805015,1.0,after 2015,15000.0,sedan,0,1,1,0.0
97442,0-9,middle class,0.515812809602791,0.0,after 2015,15000.0,sedan,0,0,0,1.0
347626,0-9,middle class,0.3374011594935631,0.0,before 2015,17000.0,sedan,0,0,0,0.0
912569,30+,upper class,0.5098028385370175,1.0,before 2015,11000.0,sedan,2,0,1,0.0
865814,0-9,upper class,0.6287676720732993,1.0,after 2015,17000.0,sedan,0,0,0,0.0
871638,10-19,middle class,0.5546780709314852,0.0,before 2015,10000.0,sedan,1,0,3,0.0
461865,10-19,working class,0.5869521215796324,1.0,before 2015,8000.0,sedan,2,1,1,0.0
895279,20-29,middle class,0.4832471845483816,1.0,after 2015,11000.0,sedan,2,0,0,0.0
724723,0-9,poverty,0.515812809602791,0.0,before 2015,11697.0,sedan,0,0,0,1.0
445911,0-9,upper class,0.5615310319383646,1.0,before 2015,11000.0,sedan,0,0,0,1.0
647035,10-19,middle class,0.515812809602791,1.0,before 2015,9000.0,sedan,1,1,2,0.0
419018,0-9,working class,0.3198732815128818,0.0,before 2015,11697.0,sedan,0,0,0,1.0
615641,10-19,working class,0.4572646204776518,1.0,before 2015,10000.0,sedan,2,0,4,0.0
488662,10-19,middle class,0.6387437905815525,0.0,before 2015,11697.0,sedan,0,0,1,0.0
995592,10-19,working class,0.3495446627424988,1.0,before 2015,14000.0,sedan,2,0,2,0.0
314395,20-29,upper class,0.3812423915312549,0.0,after 2015,16000.0,sedan,1,0,0,0.0
876500,20-29,upper class,0.6495023966946109,1.0,before 2015,14000.0,sedan,1,1,0,1.0
135863,10-19,upper class,0.6449558925023856,1.0,after 2015,11000.0,sedan,3,1,2,0.0
655686,10-19,working class,0.4891458193447778,1.0,before 2015,10000.0,sedan,0,0,0,0.0
293506,20-29,upper class,0.6546019814740752,1.0,before 2015,12000.0,sedan,2,3,4,0.0
385088,20-29,upper class,0.5687243992218569,1.0,before 2015,10000.0,sedan,1,1,0,1.0
278311,20-29,upper class,0.4869395119230473,1.0,after 2015,11000.0,sedan,4,0,4,0.0
10217,30+,upper class,0.5244870788093159,1.0,after 2015,13000.0,sedan,2,0,4,0.0
913111,0-9,poverty,0.3589323014822048,0.0,before 2015,9000.0,sedan,0,0,0,1.0
26255,0-9,upper class,0.6412526439911048,1.0,before 2015,10000.0,sedan,0,0,0,0.0
612859,10-19,working class,0.4494195374335477,1.0,before 2015,15000.0,sedan,1,0,1,1.0
479043,0-9,poverty,0.5474717561610799,0.0,before 2015,14000.0,sedan,0,0,0,1.0
516920,30+,upper class,0.5266055787819602,1.0,before 2015,8000.0,sedan,15,0,3,0.0
474489,0-9,middle class,0.441195993391473,1.0,before 2015,10000.0,sedan,0,0,0,0.0
195436,20-29,middle class,0.5184003943552707,0.0,before 2015,12000.0,sedan,0,1,4,0.0
695357,10-19,working class,0.4126790215583455,1.0,after 2015,13000.0,sedan,0,0,0,0.0
266723,20-29,upper class,0.7568497361321834,1.0,after 2015,16000.0,sedan,0,1,2,0.0
984445,20-29,middle class,0.4256611086148646,1.0,before 2015,11697.0,sedan,1,1,0,0.0
791033,0-9,upper class,0.7259663789079857,1.0,after 2015,11697.0,sedan,0,0,0,0.0
744484,20-29,upper class,0.7014907761446307,1.0,before 2015,9000.0,sedan,2,0,2,0.0
692867,20-29,upper class,0.541762035186092,1.0,before 2015,11000.0,sedan,2,1,2,0.0
64458,30+,upper class,0.7330454994198158,1.0,before 2015,10000.0,sedan,14,0,3,0.0
660046,20-29,upper class,0.4960261985675978,1.0,before 2015,7000.0,sedan,6,2,3,0.0
416920,30+,upper class,0.5846714102071112,1.0,after 2015,11000.0,sedan,13,1,3,0.0
805808,10-19,middle class,0.4153851993182952,1.0,before 2015,12000.0,sedan,0,0,1,0.0
124833,20-29,upper class,0.5704282195243078,1.0,before 2015,9000.0,sports car,2,0,3,0.0
954287,0-9,middle class,0.515812809602791,1.0,before 2015,14000.0,sedan,0,0,0,1.0
807847,20-29,upper class,0.6330139475122963,1.0,after 2015,14000.0,sedan,3,1,4,0.0
282406,0-9,middle class,0.515812809602791,0.0,before 2015,10000.0,sedan,0,0,0,1.0
968115,30+,upper class,0.515812809602791,1.0,after 2015,12000.0,sedan,5,0,8,0.0
84677,20-29,middle class,0.515812809602791,1.0,before 2015,14000.0,sedan,0,1,0,0.0
364800,20-29,upper class,0.4576822397720842,1.0,before 2015,13000.0,sedan,4,0,6,0.0
108958,10-19,upper class,0.7213187073836898,0.0,before 2015,12000.0,sedan,1,0,0,0.0
770617,30+,upper class,0.6799404290421501,1.0,before 2015,11000.0,sedan,6,2,4,0.0
871213,0-9,middle class,0.5153255968906303,1.0,after 2015,9000.0,sedan,0,0,0,1.0
789131,20-29,upper class,0.5757451296405501,1.0,before 2015,12000.0,sedan,0,1,0,0.0
15598,10-19,upper class,0.5282637198754951,1.0,after 2015,10000.0,sedan,3,0,0,0.0
749220,10-19,upper class,0.5909761364191773,1.0,after 2015,14000.0,sedan,0,0,0,0.0
293280,10-19,middle class,0.5492598792249295,1.0,before 2015,13000.0,sedan,1,0,1,0.0
36065,0-9,poverty,0.4490141254061794,1.0,before 2015,14000.0,sedan,0,0,0,0.0
640977,20-29,upper class,0.6591537948789903,1.0,after 2015,13000.0,sedan,1,1,1,0.0
439975,20-29,working class,0.5145739221806612,1.0,before 2015,11697.0,sedan,3,0,1,0.0
109241,10-19,upper class,0.6605396742125178,1.0,before 2015,12000.0,sedan,1,0,0,1.0
422329,30+,upper class,0.515812809602791,1.0,before 2015,10000.0,sedan,5,0,1,0.0
480812,10-19,middle class,0.4535732582122292,1.0,after 2015,9000.0,sedan,1,0,2,0.0
246515,10-19,poverty,0.3279444003378442,0.0,before 2015,10000.0,sedan,3,2,0,1.0
648168,0-9,middle class,0.4717364514419842,1.0,after 2015,10000.0,sedan,0,0,0,0.0
498885,20-29,upper class,0.5756563312970334,1.0,after 2015,11000.0,sedan,5,0,1,0.0
860089,10-19,middle class,0.4685045607790929,1.0,before 2015,14000.0,sedan,1,0,0,0.0
367681,0-9,middle class,0.6830898900645607,1.0,before 2015,11697.0,sedan,0,0,0,0.0
157650,0-9,middle class,0.5608602241643745,0.0,before 2015,15000.0,sedan,0,0,0,1.0
453895,20-29,upper class,0.6426937467690333,1.0,before 2015,10000.0,sedan,1,0,3,0.0
674516,0-9,working class,0.515812809602791,1.0,before 2015,11697.0,sedan,0,0,0,0.0
376964,30+,upper class,0.4894223760260149,1.0,after 2015,11697.0,sedan,3,1,3,0.0
877627,10-19,poverty,0.4156931175537407,1.0,before 2015,14000.0,sedan,0,0,0,0.0
336558,0-9,working class,0.4953664086528851,1.0,after 2015,14000.0,sedan,0,0,0,0.0
544105,30+,upper class,0.4178912830728666,1.0,after 2015,10000.0,sedan,7,0,3,0.0
659468,10-19,upper class,0.5546030942377342,1.0,before 2015,12000.0,sedan,2,0,2,1.0
212512,0-9,upper class,0.6401300069561456,1.0,before 2015,8000.0,sedan,0,0,0,1.0
909696,0-9,middle class,0.6558041770375599,1.0,before 2015,10000.0,sedan,0,0,0,1.0
466641,10-19,middle class,0.5887079919316789,1.0,before 2015,16000.0,sports car,1,0,1,0.0
589012,0-9,middle class,0.4096793306908929,0.0,after 2015,11000.0,sedan,0,0,0,1.0
971097,20-29,upper class,0.5377264351451709,0.0,before 2015,6000.0,sedan,3,2,1,0.0
615882,10-19,poverty,0.3982236375077561,1.0,before 2015,9000.0,sedan,1,0,6,0.0
749301,10-19,middle class,0.5513387192212215,1.0,after 2015,13000.0,sedan,0,0,0,0.0
26625,0-9,poverty,0.5207603742973385,0.0,before 2015,11697.0,sedan,0,0,0,1.0
401290,0-9,upper class,0.515812809602791,0.0,after 2015,11697.0,sedan,0,0,0,0.0
895871,0-9,working class,0.3974832419886633,0.0,before 2015,14000.0,sedan,0,0,0,1.0
237309,0-9,working class,0.4310118692564083,0.0,before 2015,8000.0,sedan,0,0,0,1.0
7048,0-9,upper class,0.515812809602791,1.0,after 2015,17000.0,sedan,0,0,0,0.0
612763,10-19,upper class,0.8196276850171244,1.0,after 2015,13000.0,sedan,5,0,1,1.0
31615,10-19,middle class,0.5543805221976611,0.0,before 2015,10000.0,sedan,0,0,1,0.0
368005,0-9,middle class,0.452800791981105,1.0,after 2015,15000.0,sedan,0,0,0,1.0
614546,20-29,upper class,0.6236973075026354,1.0,after 2015,12000.0,sedan,1,0,1,0.0
83419,0-9,middle class,0.5822555143238901,1.0,after 2015,13000.0,sedan,0,0,0,0.0
110747,10-19,upper class,0.5366328650238356,1.0,before 2015,9000.0,sedan,0,0,3,0.0
914682,10-19,working class,0.3746628744647363,0.0,before 2015,13000.0,sedan,0,0,0,0.0
170391,20-29,upper class,0.5888021385021842,1.0,before 2015,11000.0,sedan,2,0,2,0.0
556971,10-19,upper class,0.5620592676160164,1.0,after 2015,8000.0,sedan,1,1,0,0.0
831779,10-19,upper class,0.4554149588279552,1.0,before 2015,15000.0,sedan,0,0,2,0.0
147805,0-9,poverty,0.2672718699014508,0.0,before 2015,8000.0,sedan,0,0,0,1.0
167407,20-29,middle class,0.515812809602791,1.0,before 2015,9000.0,sedan,2,1,1,0.0
882026,20-29,working class,0.3236713091433241,0.0,before 2015,14000.0,sedan,2,1,1,0.0
466227,30+,upper class,0.7847313094744524,1.0,before 2015,13000.0,sedan,2,0,0,0.0
47785,10-19,working class,0.4702398425987656,0.0,before 2015,11697.0,sedan,2,0,0,1.0
501483,0-9,working class,0.4539321185254526,1.0,before 2015,9000.0,sports car,0,0,0,0.0
386978,30+,upper class,0.6721556253961893,0.0,after 2015,11000.0,sedan,3,0,1,0.0
996412,30+,upper class,0.5672085630614355,1.0,after 2015,7000.0,sedan,7,3,3,0.0
734217,30+,upper class,0.5864390926529277,1.0,before 2015,9000.0,sedan,3,2,5,0.0
856243,10-19,middle class,0.3327537311182371,1.0,before 2015,12000.0,sedan,3,0,1,0.0
856448,30+,upper class,0.5156149089821493,1.0,before 2015,11697.0,sedan,1,0,6,0.0
585226,10-19,middle class,0.4596952131281054,0.0,before 2015,17000.0,sedan,0,0,0,0.0
976509,0-9,working class,0.3748645128732443,0.0,before 2015,14000.0,sedan,0,0,0,1.0
829777,0-9,middle class,0.5675874655649595,1.0,before 2015,8000.0,sedan,0,0,0,0.0
634050,10-19,upper class,0.672756052841708,1.0,after 2015,9000.0,sedan,1,0,2,0.0
615309,0-9,upper class,0.6399732727427584,1.0,before 2015,11697.0,sedan,0,0,0,1.0
484899,10-19,working class,0.3779978092118555,0.0,before 2015,6000.0,sedan,0,0,4,1.0
927572,20-29,upper class,0.6514777105115379,1.0,before 2015,12000.0,sedan,9,2,0,0.0
848121,30+,upper class,0.5354411836435228,1.0,before 2015,11697.0,sedan,2,1,2,0.0
344762,10-19,middle class,0.4318816696292355,1.0,before 2015,15000.0,sedan,0,0,1,1.0
24782,0-9,middle class,0.6445160863822124,1.0,after 2015,11697.0,sedan,0,0,0,0.0
426660,10-19,working class,0.2994703727366113,1.0,after 2015,16000.0,sedan,0,0,0,0.0
120522,0-9,poverty,0.2584968545321721,0.0,before 2015,10000.0,sedan,0,0,0,1.0
903464,20-29,upper class,0.6425270915517005,1.0,before 2015,12000.0,sedan,1,0,1,0.0
510116,0-9,middle class,0.4983566259941653,1.0,after 2015,12000.0,sedan,0,0,0,0.0
535845,20-29,upper class,0.7027497391497051,1.0,before 2015,9000.0,sedan,8,1,1,0.0
603871,20-29,middle class,0.6428083488556897,1.0,before 2015,13000.0,sedan,1,0,0,0.0
746666,0-9,working class,0.5444298156230841,1.0,after 2015,14000.0,sedan,0,0,0,0.0
292051,10-19,poverty,0.4743758463221647,1.0,before 2015,15000.0,sedan,2,0,0,0.0
122492,0-9,working class,0.4826291669367409,0.0,before 2015,10000.0,sedan,0,0,0,1.0
64259,0-9,working class,0.4102339632201258,1.0,before 2015,12000.0,sedan,0,0,0,0.0
4199,20-29,middle class,0.5039832951594888,1.0,before 2015,16000.0,sedan,2,0,2,0.0
877560,10-19,upper class,0.5572413287521248,1.0,before 2015,8000.0,sedan,0,0,0,0.0
47628,10-19,working class,0.4347996406673757,1.0,before 2015,11000.0,sedan,2,0,0,0.0
396727,10-19,middle class,0.4423605430687393,1.0,after 2015,17000.0,sedan,0,0,0,0.0
712973,0-9,poverty,0.3788290288330991,0.0,before 2015,17000.0,sedan,0,0,0,1.0
794541,10-19,poverty,0.4437392139614944,0.0,before 2015,11697.0,sports car,1,1,2,0.0
702390,10-19,working class,0.5644548897521487,0.0,after 2015,9000.0,sedan,1,0,0,0.0
658300,10-19,upper class,0.7871021493260222,1.0,before 2015,11697.0,sedan,5,1,0,1.0
180207,30+,upper class,0.5118001651135141,1.0,after 2015,11697.0,sedan,3,0,6,0.0
571417,30+,upper class,0.6707053019283403,1.0,before 2015,11697.0,sedan,3,0,1,0.0
668924,0-9,working class,0.2927542812589402,1.0,before 2015,11697.0,sedan,0,0,0,0.0
390132,0-9,poverty,0.3202923909860866,0.0,before 2015,15000.0,sedan,0,0,0,0.0
200829,20-29,upper class,0.515812809602791,1.0,after 2015,9000.0,sedan,1,1,1,0.0
924758,0-9,poverty,0.515812809602791,1.0,before 2015,15000.0,sedan,0,0,0,1.0
304497,30+,upper class,0.6002606708399577,1.0,before 2015,10000.0,sedan,4,0,1,0.0
8055,0-9,middle class,0.6859296356917879,1.0,after 2015,13000.0,sedan,0,0,0,0.0
139310,20-29,upper class,0.8022747025074329,1.0,after 2015,15000.0,sedan,3,1,1,0.0
705418,0-9,poverty,0.3174531702820791,0.0,before 2015,15000.0,sedan,0,0,0,1.0
741247,10-19,middle class,0.6165924777058676,1.0,before 2015,10000.0,sedan,1,1,1,0.0
623684,0-9,upper class,0.4734631824689864,0.0,before 2015,8000.0,sedan,0,0,0,1.0
491567,30+,upper class,0.5431625565124614,1.0,after 2015,16000.0,sedan,0,0,0,0.0
957592,0-9,poverty,0.3447260205156397,0.0,before 2015,10000.0,sedan,0,0,0,1.0
281734,0-9,upper class,0.6908848837711149,1.0,before 2015,13000.0,sedan,0,0,0,1.0
906662,20-29,working class,0.3422852858892937,1.0,before 2015,12000.0,sedan,2,1,5,0.0
115691,10-19,poverty,0.3079420139581581,1.0,before 2015,8000.0,sedan,3,1,1,0.0
160230,10-19,working class,0.4125766334796993,0.0,after 2015,14000.0,sedan,2,0,1,0.0
943754,0-9,working class,0.5224226279932157,0.0,before 2015,12000.0,sedan,0,0,0,1.0
642614,20-29,middle class,0.5218044346397632,1.0,after 2015,7000.0,sedan,2,0,1,0.0
468417,0-9,upper class,0.69300378701657,1.0,after 2015,7000.0,sedan,0,0,0,0.0
515068,10-19,middle class,0.5601355746697445,0.0,before 2015,9000.0,sedan,0,0,3,0.0
401212,20-29,working class,0.3932963056890176,1.0,before 2015,11000.0,sedan,2,0,2,0.0
306268,10-19,upper class,0.5137216359540138,1.0,before 2015,9000.0,sedan,0,0,1,0.0
329019,0-9,poverty,0.2510366998612605,0.0,before 2015,14000.0,sedan,0,0,0,1.0
322841,0-9,upper class,0.6928652475914814,1.0,before 2015,11697.0,sedan,0,0,0,1.0
624919,30+,upper class,0.6935957205432375,1.0,after 2015,9000.0,sedan,5,0,5,0.0
210290,30+,upper class,0.6120679452933288,1.0,before 2015,9000.0,sedan,4,0,2,0.0
412394,20-29,middle class,0.5720648873756224,1.0,before 2015,12000.0,sedan,1,0,3,0.0
663153,0-9,working class,0.4819127059705207,0.0,after 2015,10000.0,sedan,0,0,0,1.0
891551,30+,upper class,0.6460011119753553,1.0,before 2015,9000.0,sedan,10,1,7,0.0
950177,0-9,upper class,0.60960497937291,1.0,after 2015,15000.0,sedan,0,0,0,0.0
485859,20-29,upper class,0.7123218578450321,1.0,before 2015,13000.0,sedan,3,0,4,0.0
96803,20-29,upper class,0.5872893810932033,1.0,after 2015,12000.0,sedan,1,0,1,0.0
524877,0-9,middle class,0.6809116929366064,1.0,after 2015,10000.0,sedan,0,0,0,0.0
937991,20-29,middle class,0.6022376455105858,0.0,before 2015,13000.0,sedan,2,0,0,0.0
470492,30+,upper class,0.515812809602791,1.0,after 2015,11000.0,sedan,5,0,4,0.0
280096,10-19,upper class,0.730309867150182,1.0,after 2015,11697.0,sedan,0,0,2,0.0
140098,10-19,poverty,0.2776754527322686,0.0,before 2015,9000.0,sedan,3,0,1,0.0
807751,0-9,upper class,0.5680429515686883,1.0,after 2015,8000.0,sedan,0,0,0,0.0
410504,10-19,middle class,0.5926096840740965,0.0,before 2015,13000.0,sedan,0,0,0,0.0
492855,10-19,poverty,0.3197847735270822,0.0,before 2015,11000.0,sedan,2,0,2,0.0
16371,10-19,upper class,0.515812809602791,0.0,before 2015,7000.0,sedan,3,0,0,1.0
641934,20-29,working class,0.5152516178220097,0.0,before 2015,10000.0,sports car,4,0,1,0.0
419566,10-19,working class,0.515812809602791,0.0,before 2015,12000.0,sedan,1,1,0,1.0
594430,10-19,upper class,0.7697278517391074,1.0,after 2015,11000.0,sedan,2,0,0,0.0
271385,10-19,upper class,0.7222973127522446,1.0,before 2015,10000.0,sedan,2,0,2,0.0
184570,0-9,poverty,0.3630480152412506,0.0,before 2015,16000.0,sedan,0,0,0,1.0
887542,10-19,middle class,0.5096553789344698,0.0,after 2015,9000.0,sedan,1,0,3,0.0
603489,0-9,working class,0.3267405510830184,0.0,before 2015,10000.0,sedan,0,0,0,1.0
542178,20-29,upper class,0.4342868826115913,1.0,before 2015,8000.0,sedan,2,0,3,0.0
400017,10-19,poverty,0.2701930462498648,1.0,after 2015,12000.0,sedan,0,0,1,0.0
804181,30+,upper class,0.7498940746007671,1.0,before 2015,11000.0,sedan,3,0,4,0.0
442493,0-9,poverty,0.426753560052125,0.0,before 2015,11000.0,sedan,0,0,0,1.0
91798,0-9,upper class,0.4953679770062505,1.0,before 2015,8000.0,sedan,0,0,0,0.0
58611,0-9,poverty,0.3652981607970365,1.0,before 2015,14000.0,sports car,0,0,0,0.0
90447,10-19,working class,0.515812809602791,1.0,before 2015,12000.0,sedan,2,1,1,0.0
492981,0-9,middle class,0.5501360144688462,1.0,before 2015,11697.0,sedan,0,0,0,0.0
888828,20-29,upper class,0.6586274302571438,1.0,before 2015,14000.0,sedan,3,0,2,0.0
359123,20-29,upper class,0.6870748566737084,1.0,after 2015,11000.0,sports car,1,0,4,0.0
540120,0-9,working class,0.4554049639762782,1.0,before 2015,13000.0,sedan,0,0,0,1.0
586725,0-9,poverty,0.515812809602791,0.0,before 2015,12000.0,sedan,0,0,0,1.0
932635,20-29,middle class,0.5816477445927232,1.0,before 2015,15000.0,sedan,2,0,0,0.0
263434,10-19,upper class,0.5623464459018445,1.0,after 2015,8000.0,sedan,1,0,3,0.0
876978,0-9,upper class,0.515812809602791,1.0,before 2015,13000.0,sedan,0,0,0,1.0
823223,0-9,middle class,0.6655507979109212,0.0,before 2015,6000.0,sedan,0,0,0,1.0
387039,20-29,upper class,0.8716754519747764,1.0,after 2015,11697.0,sedan,0,0,2,0.0
632980,10-19,middle class,0.5838111791901199,1.0,before 2015,11000.0,sedan,0,1,0,0.0
566025,10-19,working class,0.4426958181502768,1.0,before 2015,12000.0,sedan,0,0,0,0.0
816988,20-29,upper class,0.4600415995270326,1.0,before 2015,9000.0,sedan,1,1,1,0.0
11761,20-29,upper class,0.8022750062675513,1.0,after 2015,12000.0,sedan,3,0,1,0.0
278151,10-19,middle class,0.5892665943313239,1.0,before 2015,16000.0,sedan,0,0,2,0.0
430480,0-9,poverty,0.4080435066664748,0.0,before 2015,15000.0,sedan,0,0,0,1.0
685873,20-29,working class,0.4695582997527488,0.0,before 2015,13000.0,sedan,0,0,1,0.0
802348,10-19,working class,0.4019744122192817,1.0,before 2015,15000.0,sports car,1,0,1,0.0
888398,20-29,upper class,0.515812809602791,1.0,before 2015,13000.0,sedan,2,0,3,0.0
521399,30+,upper class,0.7298308815593941,1.0,after 2015,12000.0,sedan,4,0,0,0.0
578094,0-9,poverty,0.515812809602791,0.0,before 2015,12000.0,sedan,0,0,0,1.0
386225,0-9,upper class,0.4693514628560762,1.0,before 2015,7000.0,sedan,0,0,0,0.0
777322,0-9,poverty,0.4109658882409655,0.0,before 2015,9000.0,sports car,0,0,0,1.0
305793,0-9,poverty,0.2458351852340737,0.0,before 2015,11000.0,sedan,0,0,0,1.0
768953,30+,working class,0.4572076092107355,0.0,before 2015,15000.0,sedan,0,1,0,0.0
147053,0-9,poverty,0.3763711867201547,1.0,before 2015,11697.0,sedan,0,0,0,1.0
588188,10-19,middle class,0.4432003644752441,1.0,before 2015,11000.0,sedan,0,0,0,0.0
287643,20-29,upper class,0.5599667453093222,1.0,before 2015,11697.0,sedan,2,0,1,0.0
894602,20-29,upper class,0.5911474645962597,1.0,before 2015,10000.0,sedan,2,1,6,0.0
147438,0-9,upper class,0.4931692837662477,1.0,after 2015,9000.0,sports car,0,0,0,1.0
766789,10-19,working class,0.6616536709828063,1.0,before 2015,12000.0,sedan,1,0,0,0.0
649444,0-9,upper class,0.6441370891244694,1.0,after 2015,12000.0,sedan,0,0,0,0.0
671866,0-9,poverty,0.515812809602791,0.0,before 2015,14000.0,sedan,0,0,0,1.0
596973,10-19,upper class,0.5668756983759584,1.0,before 2015,9000.0,sedan,2,1,1,0.0
250667,0-9,upper class,0.4795135788273541,1.0,after 2015,13000.0,sedan,0,0,0,0.0
771433,0-9,poverty,0.2907925607872464,0.0,after 2015,10000.0,sedan,0,0,0,1.0
373662,30+,upper class,0.6101291854145474,1.0,after 2015,13000.0,sedan,2,1,4,0.0
910677,0-9,upper class,0.5060807514039187,1.0,after 2015,7000.0,sedan,0,0,0,0.0
608175,10-19,upper class,0.5978612595139868,1.0,after 2015,9000.0,sedan,1,1,0,0.0
26925,10-19,upper class,0.6661000735280626,0.0,after 2015,11697.0,sedan,0,1,0,0.0
491673,0-9,upper class,0.636925632976282,1.0,after 2015,11000.0,sedan,0,0,0,0.0
293515,10-19,poverty,0.2446175328711153,0.0,before 2015,10000.0,sedan,4,0,3,0.0
343044,10-19,upper class,0.6477397119577972,1.0,before 2015,9000.0,sedan,1,1,0,1.0
632931,10-19,middle class,0.6258552121315942,1.0,before 2015,10000.0,sedan,1,0,4,0.0
237986,0-9,poverty,0.2866241766490909,0.0,before 2015,16000.0,sedan,0,0,0,1.0
278061,10-19,middle class,0.5018947292470292,0.0,before 2015,11697.0,sedan,2,0,1,1.0
34367,0-9,poverty,0.3577661962837313,0.0,before 2015,12000.0,sedan,0,0,0,1.0
13803,0-9,poverty,0.4486251557238624,0.0,after 2015,15000.0,sedan,0,0,0,0.0
740074,0-9,working class,0.4756818292180803,1.0,before 2015,10000.0,sedan,0,0,0,0.0
133386,10-19,middle class,0.5907652800948157,1.0,after 2015,11697.0,sedan,0,0,1,0.0
297103,0-9,poverty,0.4382240619943719,0.0,before 2015,17000.0,sedan,0,0,0,1.0
559584,0-9,poverty,0.6132568376998419,0.0,after 2015,13000.0,sedan,0,0,0,1.0
346076,0-9,middle class,0.5406161317274277,1.0,before 2015,12000.0,sedan,0,0,0,1.0
464241,20-29,upper class,0.3317126596291948,1.0,before 2015,10000.0,sports car,5,0,3,0.0
228185,0-9,poverty,0.3972600644606003,1.0,before 2015,17000.0,sedan,0,0,0,1.0
12392,0-9,poverty,0.3261357349177448,0.0,before 2015,15000.0,sedan,0,0,0,0.0
249355,10-19,poverty,0.515812809602791,1.0,before 2015,13000.0,sedan,0,0,4,1.0
547974,20-29,upper class,0.5979905963582334,0.0,before 2015,12000.0,sedan,2,1,7,1.0
91634,0-9,working class,0.2816541482491429,1.0,after 2015,14000.0,sedan,0,0,0,0.0
102613,10-19,middle class,0.5449753837822652,1.0,before 2015,10000.0,sedan,1,0,0,0.0
10314,0-9,upper class,0.6383298810181021,1.0,before 2015,10000.0,sedan,0,0,0,0.0
27119,0-9,upper class,0.5659067951087425,1.0,before 2015,9000.0,sedan,0,0,0,1.0
236351,20-29,upper class,0.5024037809342222,1.0,after 2015,16000.0,sedan,0,0,1,0.0
404471,0-9,upper class,0.7768649537018191,1.0,before 2015,12000.0,sedan,0,0,0,0.0
312187,20-29,upper class,0.5416101074040922,1.0,after 2015,9000.0,sedan,4,1,3,0.0
320490,20-29,middle class,0.6005527991022497,0.0,before 2015,8000.0,sedan,8,0,3,0.0
492930,0-9,working class,0.515812809602791,1.0,before 2015,16000.0,sedan,0,0,0,1.0
611990,0-9,middle class,0.5137678770981265,1.0,before 2015,17000.0,sedan,0,0,0,1.0
908561,20-29,working class,0.4594079459168241,0.0,before 2015,14000.0,sedan,1,1,2,0.0
673967,30+,upper class,0.515812809602791,1.0,after 2015,7000.0,sedan,4,1,6,0.0
493290,30+,working class,0.6526913006637715,0.0,before 2015,11000.0,sedan,0,0,3,0.0
641218,0-9,working class,0.3784275122206737,1.0,before 2015,10000.0,sedan,0,0,0,1.0
352818,10-19,upper class,0.6291183686908367,1.0,after 2015,15000.0,sports car,0,0,0,1.0
169421,0-9,middle class,0.564717400251573,1.0,after 2015,14000.0,sedan,0,0,0,0.0
635281,30+,upper class,0.7837306862364176,0.0,before 2015,8000.0,sedan,0,0,0,0.0
551055,0-9,upper class,0.5540804042745787,1.0,after 2015,14000.0,sedan,0,0,0,0.0
54250,10-19,upper class,0.7432917959513885,1.0,after 2015,15000.0,sedan,0,1,1,0.0
163684,20-29,middle class,0.5962146153227567,1.0,before 2015,14000.0,sedan,0,0,0,0.0
350540,30+,upper class,0.5197631166283038,1.0,before 2015,11697.0,sedan,5,1,0,0.0
171762,10-19,poverty,0.3930116698115786,0.0,before 2015,11000.0,sedan,2,1,4,0.0
937716,30+,upper class,0.6738113407942623,1.0,after 2015,13000.0,sedan,4,0,3,0.0
72914,10-19,working class,0.5483499228640025,1.0,before 2015,13000.0,sedan,1,1,1,0.0
668634,0-9,poverty,0.362858054962891,1.0,before 2015,11697.0,sedan,0,0,0,1.0
925661,10-19,upper class,0.5501440126091397,1.0,before 2015,7000.0,sedan,2,0,0,0.0
73173,20-29,middle class,0.4795650162746911,1.0,before 2015,12000.0,sedan,2,1,1,0.0
719070,0-9,upper class,0.515812809602791,1.0,before 2015,11697.0,sedan,0,0,0,1.0
232069,10-19,upper class,0.515812809602791,0.0,after 2015,12000.0,sedan,1,0,0,1.0
760347,30+,upper class,0.5302997451862774,1.0,after 2015,11697.0,sedan,3,0,1,0.0
454718,0-9,working class,0.453801827329586,1.0,before 2015,13000.0,sedan,0,0,0,1.0
920063,20-29,upper class,0.6799893874477569,0.0,after 2015,16000.0,sedan,4,0,0,0.0
154695,0-9,upper class,0.5176533639161799,1.0,before 2015,10000.0,sedan,0,0,0,1.0
910346,10-19,middle class,0.5222314755016938,1.0,after 2015,11697.0,sedan,1,0,0,0.0
835204,10-19,poverty,0.2837353178716667,0.0,before 2015,13000.0,sedan,0,0,0,0.0
212303,30+,upper class,0.7086878384235843,1.0,before 2015,12000.0,sedan,1,1,7,0.0
933994,10-19,poverty,0.2148131624897409,0.0,before 2015,11000.0,sedan,0,0,0,1.0
160719,10-19,middle class,0.5351371977032543,1.0,before 2015,12000.0,sedan,0,0,2,0.0
881803,0-9,poverty,0.5783055758634648,0.0,before 2015,11000.0,sedan,0,0,0,1.0
369502,10-19,poverty,0.4644064393036886,0.0,before 2015,15000.0,sedan,0,0,1,0.0
756198,20-29,upper class,0.7083899009884265,1.0,after 2015,7000.0,sedan,10,1,1,0.0
427575,0-9,middle class,0.60882895731083,1.0,after 2015,14000.0,sedan,0,0,0,0.0
328612,20-29,working class,0.4688958725441862,1.0,before 2015,8000.0,sedan,4,0,0,0.0
390078,0-9,poverty,0.2207678295542218,1.0,before 2015,17000.0,sedan,0,0,0,1.0
761911,0-9,poverty,0.2027084379448271,0.0,before 2015,11000.0,sedan,0,0,0,1.0
830012,20-29,upper class,0.6148147154486039,1.0,before 2015,12000.0,sedan,0,0,1,0.0
842325,10-19,middle class,0.466890958934644,1.0,before 2015,10000.0,sedan,2,0,1,0.0
660963,0-9,middle class,0.4637218969356029,1.0,after 2015,11697.0,sedan,0,0,0,1.0
409057,10-19,middle class,0.5725081487426337,1.0,before 2015,10000.0,sedan,1,0,2,1.0
221479,10-19,poverty,0.2685463644384508,1.0,before 2015,11000.0,sedan,2,0,0,0.0
322099,20-29,upper class,0.515812809602791,0.0,before 2015,10000.0,sedan,4,0,0,0.0
793,20-29,upper class,0.5235691485278864,1.0,after 2015,9000.0,sedan,0,1,1,0.0
625152,0-9,middle class,0.515812809602791,1.0,before 2015,15000.0,sports car,0,0,0,1.0
278892,10-19,working class,0.4811909309274258,0.0,after 2015,13000.0,sedan,1,1,1,0.0
953480,0-9,upper class,0.4875547200723523,1.0,after 2015,9000.0,sedan,0,0,0,1.0
59310,0-9,working class,0.515812809602791,0.0,before 2015,17000.0,sedan,0,0,0,0.0
687419,10-19,upper class,0.6299704413933573,1.0,after 2015,11000.0,sedan,1,1,2,0.0
472762,20-29,poverty,0.515812809602791,0.0,before 2015,7000.0,sedan,0,0,2,0.0
97081,10-19,poverty,0.3573810138496031,1.0,before 2015,14000.0,sedan,0,1,1,1.0
882962,10-19,middle class,0.5871049082496026,1.0,before 2015,16000.0,sedan,4,0,1,0.0
393981,20-29,upper class,0.5371232990680931,1.0,after 2015,14000.0,sedan,4,0,0,0.0
365982,20-29,working class,0.3301364836409569,0.0,before 2015,7000.0,sedan,4,1,0,0.0
617979,20-29,working class,0.4469120060756799,1.0,before 2015,17000.0,sedan,2,0,1,0.0
340297,10-19,upper class,0.5803441238522453,1.0,before 2015,11697.0,sedan,2,0,1,0.0
732301,0-9,poverty,0.3257717384502198,0.0,before 2015,10000.0,sedan,0,0,0,1.0
885622,20-29,upper class,0.408776432410417,1.0,after 2015,10000.0,sedan,1,0,4,0.0
155779,20-29,working class,0.515812809602791,1.0,before 2015,10000.0,sedan,3,0,0,0.0
444919,0-9,middle class,0.4703422702789483,1.0,before 2015,11000.0,sedan,0,0,0,1.0
419320,20-29,middle class,0.4954106282581375,1.0,before 2015,11697.0,sedan,4,1,2,0.0
941648,30+,upper class,0.515812809602791,0.0,after 2015,13000.0,sedan,1,0,3,0.0
818226,0-9,middle class,0.4538684843293158,0.0,before 2015,13000.0,sedan,0,0,0,0.0
602525,0-9,poverty,0.3618763212555671,0.0,before 2015,9000.0,sedan,0,0,0,1.0
407773,10-19,upper class,0.6057278680009118,1.0,after 2015,9000.0,sedan,1,0,1,0.0
413707,0-9,poverty,0.2094641847612867,1.0,before 2015,11000.0,sedan,0,0,0,0.0
343615,30+,upper class,0.5358338644512006,1.0,before 2015,9000.0,sedan,11,1,4,0.0
658967,0-9,working class,0.5649717966582063,1.0,after 2015,14000.0,sedan,0,0,0,0.0
559394,10-19,middle class,0.3619059454802407,1.0,before 2015,12000.0,sedan,1,0,1,0.0
806364,20-29,upper class,0.6114283704412116,1.0,after 2015,13000.0,sedan,2,1,1,0.0
846922,30+,upper class,0.6050717889516587,1.0,after 2015,14000.0,sedan,3,0,3,0.0
935057,0-9,upper class,0.5979218315246748,1.0,before 2015,13000.0,sedan,0,0,0,0.0
384636,10-19,working class,0.4262702299476665,0.0,before 2015,13000.0,sedan,0,0,0,1.0
168479,30+,upper class,0.6172552350571828,0.0,after 2015,11697.0,sedan,3,0,3,0.0
714752,0-9,working class,0.4480698576342447,0.0,before 2015,14000.0,sedan,0,0,0,1.0
579898,10-19,upper class,0.5009739750388296,1.0,before 2015,6000.0,sedan,2,0,1,0.0
668975,0-9,poverty,0.2816226283589605,1.0,before 2015,10000.0,sedan,0,0,0,1.0
572797,10-19,middle class,0.5061960446978321,1.0,before 2015,13000.0,sedan,1,0,3,0.0
395393,10-19,upper class,0.5479344934453008,1.0,before 2015,10000.0,sedan,2,0,0,0.0
331547,10-19,middle class,0.5504725756139147,1.0,before 2015,14000.0,sedan,2,0,1,0.0
247210,0-9,poverty,0.3489212338027023,0.0,before 2015,11697.0,sedan,0,0,0,1.0
561193,10-19,upper class,0.4876462562380029,1.0,after 2015,6000.0,sedan,3,1,0,0.0
928169,20-29,upper class,0.6441043784151556,1.0,before 2015,15000.0,sedan,1,1,0,0.0
880485,0-9,poverty,0.2493628096799179,0.0,before 2015,16000.0,sedan,0,0,0,0.0
683156,10-19,poverty,0.3223173351774892,1.0,before 2015,11697.0,sports car,2,0,1,0.0
872633,0-9,working class,0.515812809602791,0.0,before 2015,11000.0,sedan,0,0,0,1.0
677756,10-19,working class,0.4308870003600701,0.0,after 2015,13000.0,sedan,2,1,1,1.0
417275,30+,upper class,0.7862531651269821,1.0,before 2015,6000.0,sedan,8,1,2,0.0
909112,10-19,working class,0.4220538658043846,0.0,before 2015,15000.0,sedan,0,1,1,1.0
796159,10-19,working class,0.4042087080511602,0.0,before 2015,12000.0,sedan,0,0,1,0.0
652810,0-9,middle class,0.3820569054258049,1.0,before 2015,17000.0,sedan,0,0,0,1.0
945740,10-19,upper class,0.541304357097057,1.0,after 2015,9000.0,sedan,2,0,1,0.0
243010,0-9,poverty,0.4186940795440341,0.0,before 2015,8000.0,sedan,0,0,0,1.0
158305,10-19,upper class,0.515812809602791,0.0,after 2015,11000.0,sedan,3,0,1,0.0
940447,10-19,working class,0.3938994995924077,0.0,after 2015,14000.0,sedan,1,0,1,0.0
923637,0-9,upper class,0.7582172161658914,1.0,after 2015,12000.0,sedan,0,0,0,0.0
66535,10-19,middle class,0.4968750939797052,1.0,after 2015,6000.0,sedan,3,0,0,0.0
881876,10-19,working class,0.515812809602791,1.0,before 2015,14000.0,sedan,1,0,0,0.0
941109,20-29,upper class,0.6389962247265721,1.0,after 2015,8000.0,sedan,3,0,1,0.0
964920,30+,upper class,0.5177781682653934,1.0,after 2015,10000.0,sedan,5,0,2,1.0
759265,0-9,poverty,0.4455332144904101,1.0,before 2015,9000.0,sedan,0,0,0,0.0
395570,0-9,working class,0.3864070820443329,0.0,before 2015,16000.0,sedan,0,0,0,1.0
701805,10-19,working class,0.4983794504788841,1.0,before 2015,11697.0,sedan,0,1,0,0.0
142780,10-19,upper class,0.7382936679621042,1.0,before 2015,7000.0,sedan,2,3,2,1.0
542431,20-29,upper class,0.515812809602791,1.0,before 2015,16000.0,sedan,0,0,0,0.0
467841,30+,upper class,0.7059986204130669,1.0,before 2015,8000.0,sedan,0,0,1,0.0
40715,30+,middle class,0.4248798436479023,1.0,after 2015,10000.0,sedan,2,0,2,0.0
261942,10-19,upper class,0.6368502910717724,1.0,after 2015,14000.0,sedan,4,0,0,0.0
741837,10-19,upper class,0.4883110329953223,1.0,after 2015,11697.0,sedan,0,0,1,0.0
312512,10-19,upper class,0.6249463939906088,1.0,before 2015,10000.0,sedan,0,0,1,0.0
137153,10-19,poverty,0.4055150988678491,0.0,before 2015,16000.0,sedan,0,0,0,1.0
903407,0-9,poverty,0.515812809602791,0.0,before 2015,12000.0,sedan,0,0,0,0.0
644091,0-9,upper class,0.6930352236326813,1.0,before 2015,12000.0,sedan,0,0,0,1.0
92312,20-29,upper class,0.5024153597343299,1.0,after 2015,12000.0,sedan,1,1,3,0.0
902477,10-19,upper class,0.5362740945253154,1.0,after 2015,11000.0,sedan,3,2,3,0.0
579130,10-19,working class,0.3755947075424601,1.0,before 2015,17000.0,sedan,1,0,0,1.0
22899,0-9,working class,0.5795616081745322,1.0,after 2015,11000.0,sedan,0,0,0,1.0
988872,10-19,middle class,0.5801466174777621,1.0,before 2015,13000.0,sedan,1,1,0,0.0
563041,0-9,upper class,0.8378248302036221,1.0,after 2015,11697.0,sedan,0,0,0,0.0
507656,20-29,upper class,0.7419833551538102,1.0,after 2015,12000.0,sports car,1,1,0,0.0
805456,10-19,middle class,0.6322144690931132,1.0,before 2015,14000.0,sedan,0,0,1,0.0
299972,0-9,poverty,0.2887988483038722,0.0,before 2015,16000.0,sedan,0,0,0,1.0
796372,0-9,working class,0.6513183939456508,0.0,before 2015,13000.0,sedan,0,0,0,1.0
3141,0-9,working class,0.5081461701497614,0.0,before 2015,16000.0,sedan,0,0,0,1.0
267849,0-9,poverty,0.4895098267007148,1.0,before 2015,11697.0,sedan,0,0,0,1.0
204943,30+,upper class,0.5285704450718812,1.0,after 2015,13000.0,sedan,2,2,2,0.0
825504,0-9,upper class,0.6233138220916109,1.0,after 2015,17000.0,sports car,0,0,0,1.0
918756,30+,upper class,0.6218131488421985,1.0,before 2015,10000.0,sedan,1,1,8,0.0
722357,0-9,working class,0.4356390669963485,1.0,before 2015,13000.0,sedan,0,0,0,1.0
800070,20-29,middle class,0.5877156569116971,1.0,after 2015,13000.0,sedan,3,1,4,0.0
250003,20-29,upper class,0.515812809602791,1.0,after 2015,10000.0,sedan,3,0,1,0.0
254758,0-9,middle class,0.4258932648706133,0.0,before 2015,10000.0,sedan,0,0,0,1.0
716777,0-9,upper class,0.7887010854473916,1.0,before 2015,13000.0,sedan,0,0,0,0.0
24851,0-9,poverty,0.515812809602791,0.0,before 2015,12000.0,sedan,0,0,0,1.0
247376,10-19,working class,0.6878963980853564,1.0,before 2015,11697.0,sedan,1,0,0,0.0
364501,0-9,middle class,0.6947469624731197,1.0,before 2015,13000.0,sedan,0,0,0,1.0
547620,0-9,poverty,0.3854870339226485,0.0,before 2015,11697.0,sedan,0,0,0,1.0
115958,0-9,poverty,0.4684196703713496,0.0,after 2015,12000.0,sedan,0,0,0,0.0
285141,10-19,middle class,0.499490214856176,0.0,before 2015,14000.0,sedan,2,1,0,1.0
88159,0-9,middle class,0.5774751971489307,0.0,before 2015,10000.0,sedan,0,0,0,0.0
4617,10-19,upper class,0.6976300010187892,1.0,after 2015,12000.0,sports car,3,1,2,0.0
820436,20-29,upper class,0.515812809602791,1.0,after 2015,16000.0,sedan,1,0,2,0.0
656002,0-9,poverty,0.1676097239171405,1.0,before 2015,11697.0,sedan,0,0,0,1.0
689196,0-9,middle class,0.636867176141497,0.0,before 2015,13000.0,sedan,0,0,0,1.0
932228,0-9,middle class,0.4121428969073713,0.0,before 2015,17000.0,sedan,0,0,0,1.0
535887,10-19,poverty,0.3226948676935375,0.0,before 2015,10000.0,sedan,4,0,0,1.0
863406,10-19,working class,0.4980840022049978,0.0,before 2015,12000.0,sedan,4,1,0,1.0
299806,20-29,upper class,0.4957059736917606,1.0,before 2015,11697.0,sedan,4,0,2,0.0
545424,0-9,upper class,0.515812809602791,0.0,before 2015,8000.0,sedan,0,0,0,0.0
652947,20-29,upper class,0.5660565943361106,1.0,after 2015,11000.0,sedan,7,0,3,0.0
592338,0-9,poverty,0.4131038499681497,1.0,before 2015,13000.0,sedan,0,0,0,1.0
554562,0-9,upper class,0.5960104233894069,1.0,after 2015,11000.0,sedan,0,0,0,0.0
484339,30+,upper class,0.5202085739066239,1.0,before 2015,7000.0,sedan,4,0,3,0.0
725997,30+,upper class,0.4910275416432039,1.0,after 2015,13000.0,sedan,7,0,5,0.0
893682,10-19,middle class,0.6852652060543032,1.0,before 2015,17000.0,sedan,1,0,0,0.0
757781,30+,upper class,0.6384093615076926,1.0,before 2015,11000.0,sedan,1,1,1,0.0
362014,30+,upper class,0.8057389907027154,1.0,before 2015,12000.0,sedan,2,0,5,0.0
572525,30+,middle class,0.6952820041732881,1.0,before 2015,12000.0,sedan,10,1,5,0.0
290461,0-9,poverty,0.2796345413054512,0.0,before 2015,15000.0,sedan,0,0,0,1.0
466727,30+,upper class,0.7149178252967803,1.0,before 2015,8000.0,sedan,4,0,2,0.0
904544,0-9,upper class,0.7976152776255272,1.0,before 2015,13000.0,sedan,0,0,0,0.0
962697,10-19,middle class,0.5604078461466384,1.0,after 2015,10000.0,sedan,0,1,0,0.0
461175,20-29,middle class,0.5846008675834956,1.0,after 2015,11697.0,sedan,3,2,1,0.0
782814,10-19,working class,0.515812809602791,1.0,before 2015,13000.0,sedan,0,0,2,0.0
14622,10-19,middle class,0.4907395124490321,1.0,before 2015,11000.0,sedan,2,1,0,1.0
892385,10-19,working class,0.5112126383499591,0.0,after 2015,15000.0,sedan,0,0,0,0.0
38960,0-9,poverty,0.2971507114749279,1.0,before 2015,13000.0,sports car,0,0,0,1.0
413274,10-19,working class,0.515812809602791,0.0,before 2015,11697.0,sedan,4,0,2,0.0
860897,20-29,upper class,0.6267889000650932,1.0,before 2015,10000.0,sedan,5,0,3,0.0
56322,0-9,upper class,0.7164447863616135,1.0,before 2015,11000.0,sedan,0,0,0,1.0
376624,20-29,middle class,0.3460461157315677,0.0,before 2015,10000.0,sedan,4,0,5,0.0
8982,30+,upper class,0.5645675373227422,1.0,before 2015,12000.0,sedan,2,1,4,0.0
19556,0-9,middle class,0.6955403751894537,1.0,after 2015,16000.0,sedan,0,0,0,0.0
241973,30+,upper class,0.6293380939717407,1.0,before 2015,11000.0,sedan,2,0,2,0.0
146993,20-29,middle class,0.5826401515017708,0.0,after 2015,12000.0,sedan,0,1,3,0.0
191501,10-19,working class,0.4878101589182866,1.0,before 2015,11697.0,sedan,1,0,2,0.0
303181,10-19,middle class,0.515812809602791,1.0,before 2015,13000.0,sedan,0,0,1,0.0
805314,0-9,poverty,0.3269877087775192,0.0,before 2015,10000.0,sedan,0,0,0,1.0
587705,10-19,middle class,0.515812809602791,1.0,before 2015,12000.0,sedan,5,0,1,1.0
557897,0-9,middle class,0.5434013894211195,1.0,before 2015,11000.0,sedan,0,0,0,1.0
454318,0-9,upper class,0.8434489676369233,1.0,after 2015,11697.0,sedan,0,0,0,0.0
80089,20-29,upper class,0.7972187504783907,1.0,after 2015,7000.0,sedan,2,0,1,0.0
965555,10-19,middle class,0.5305724568083574,1.0,before 2015,8000.0,sedan,1,0,0,0.0
858189,0-9,working class,0.454226741146135,0.0,before 2015,11000.0,sedan,0,0,0,1.0
7229,0-9,poverty,0.3409595112027546,1.0,before 2015,11000.0,sedan,0,0,0,1.0
402924,10-19,working class,0.5884675392032952,0.0,before 2015,13000.0,sedan,2,0,0,1.0
914600,20-29,upper class,0.6641891015620235,1.0,before 2015,13000.0,sedan,2,0,3,0.0
719469,20-29,upper class,0.610668072605521,1.0,before 2015,8000.0,sedan,2,0,0,0.0
395742,10-19,working class,0.4143625447711384,0.0,before 2015,11000.0,sedan,1,0,1,1.0
304155,0-9,middle class,0.3546476925109761,0.0,after 2015,11000.0,sedan,0,0,0,0.0
178359,20-29,upper class,0.515812809602791,0.0,before 2015,11000.0,sedan,2,0,3,0.0
288207,0-9,poverty,0.1882012501796915,0.0,before 2015,12000.0,sedan,0,0,0,1.0
995242,10-19,poverty,0.3754060474029069,0.0,before 2015,12000.0,sedan,2,2,0,1.0
39708,0-9,poverty,0.4109841035528671,1.0,before 2015,13000.0,sedan,0,0,0,0.0
12509,10-19,upper class,0.6528807993417568,1.0,before 2015,10000.0,sedan,0,2,1,0.0
517451,0-9,middle class,0.4852795231118352,1.0,before 2015,10000.0,sedan,0,0,0,1.0
601890,0-9,middle class,0.5049309453099293,1.0,before 2015,15000.0,sedan,0,0,0,1.0
645283,0-9,poverty,0.3930304394075162,0.0,before 2015,16000.0,sedan,0,0,0,1.0
927038,0-9,working class,0.5099246044110012,1.0,before 2015,11697.0,sedan,0,0,0,0.0
850079,0-9,poverty,0.515812809602791,0.0,before 2015,13000.0,sedan,0,0,0,1.0
635961,30+,upper class,0.6038764581247468,1.0,after 2015,8000.0,sports car,2,0,0,0.0
971241,10-19,upper class,0.6175759911698873,1.0,after 2015,15000.0,sedan,0,1,0,0.0
972502,0-9,middle class,0.6643746842126251,1.0,after 2015,11697.0,sedan,0,0,0,1.0
701169,20-29,upper class,0.6817110154432734,1.0,before 2015,13000.0,sedan,1,1,3,0.0
222065,0-9,working class,0.4818636843468437,1.0,before 2015,13000.0,sedan,0,0,0,1.0
502443,10-19,middle class,0.4353571128139281,1.0,before 2015,9000.0,sedan,0,0,0,0.0
2654,0-9,poverty,0.2266204187196561,0.0,before 2015,12000.0,sedan,0,0,0,1.0
740753,0-9,upper class,0.5427892834696217,1.0,after 2015,12000.0,sedan,0,0,0,0.0
99527,10-19,middle class,0.5418297585749775,1.0,before 2015,11697.0,sedan,1,0,1,0.0
162303,0-9,upper class,0.6215140656050815,1.0,before 2015,11697.0,sedan,0,0,0,1.0
847188,20-29,middle class,0.4590963601154736,1.0,before 2015,10000.0,sedan,4,1,0,0.0
980778,0-9,poverty,0.5393224217499232,1.0,before 2015,15000.0,sedan,0,0,0,0.0
819418,0-9,upper class,0.6921640187049759,1.0,before 2015,11000.0,sedan,0,0,0,1.0
579336,10-19,upper class,0.5733880426029547,1.0,after 2015,10000.0,sedan,0,0,2,0.0
77834,20-29,upper class,0.4886968630423373,1.0,before 2015,11697.0,sedan,3,1,2,0.0
229858,0-9,working class,0.3212363809897638,1.0,before 2015,14000.0,sedan,0,0,0,1.0
528044,20-29,upper class,0.6431578288259611,1.0,after 2015,9000.0,sedan,2,0,1,0.0
263890,20-29,upper class,0.6735746205526248,1.0,after 2015,10000.0,sedan,1,0,2,0.0
363870,30+,upper class,0.7976873586272651,1.0,after 2015,9000.0,sedan,4,1,4,0.0
389871,0-9,upper class,0.5364485918496174,1.0,after 2015,10000.0,sedan,0,0,0,0.0
304479,10-19,middle class,0.5411019949327837,1.0,before 2015,9000.0,sedan,3,1,1,1.0
465150,30+,middle class,0.561353084181797,1.0,before 2015,6000.0,sedan,8,0,9,0.0
597978,10-19,upper class,0.4649754786745904,1.0,after 2015,15000.0,sedan,1,1,2,0.0
954268,20-29,upper class,0.5045698916727219,1.0,after 2015,7000.0,sedan,4,1,0,0.0
985369,20-29,middle class,0.4181034551402552,1.0,before 2015,11000.0,sedan,3,0,1,0.0
327702,10-19,poverty,0.4637100759339165,1.0,before 2015,12000.0,sedan,4,0,1,0.0
458828,10-19,poverty,0.3070550976960573,1.0,before 2015,14000.0,sedan,3,0,2,0.0
607238,30+,upper class,0.7123848645541435,1.0,before 2015,9000.0,sedan,3,0,6,0.0
236909,0-9,working class,0.3225694941788896,1.0,before 2015,11697.0,sedan,0,0,0,1.0
749179,10-19,middle class,0.6652700956908707,1.0,before 2015,10000.0,sedan,1,0,0,0.0
893885,20-29,upper class,0.7039910851555973,0.0,before 2015,13000.0,sedan,0,1,0,1.0
755962,10-19,middle class,0.4907620684055287,1.0,before 2015,11000.0,sedan,0,0,2,0.0
672023,0-9,working class,0.3705200427462645,1.0,before 2015,13000.0,sedan,0,0,0,1.0
609461,0-9,upper class,0.4331758195251915,0.0,after 2015,13000.0,sedan,0,0,0,0.0
679565,30+,upper class,0.6061159887314591,1.0,before 2015,11697.0,sedan,2,1,2,0.0
627852,10-19,upper class,0.5836716698036587,1.0,after 2015,13000.0,sedan,2,0,2,0.0
638975,10-19,upper class,0.6820575427391677,1.0,before 2015,10000.0,sedan,0,0,1,0.0
918809,10-19,upper class,0.6431850078229727,1.0,before 2015,11000.0,sedan,4,1,0,0.0
807325,0-9,poverty,0.515812809602791,1.0,before 2015,16000.0,sedan,0,0,0,1.0
703183,20-29,upper class,0.6528006340664879,1.0,after 2015,11697.0,sedan,3,1,0,0.0
744591,0-9,working class,0.4694285820819799,1.0,before 2015,17000.0,sedan,0,0,0,1.0
389152,0-9,middle class,0.6002312656355571,1.0,after 2015,7000.0,sedan,0,0,0,0.0
456080,20-29,upper class,0.609239430274789,1.0,after 2015,13000.0,sedan,0,1,2,0.0
183997,20-29,middle class,0.7523626049543374,0.0,before 2015,9000.0,sedan,3,1,1,0.0
198273,20-29,upper class,0.6904423335733175,1.0,after 2015,9000.0,sedan,8,0,2,0.0
187326,0-9,poverty,0.3667710862253628,1.0,before 2015,12000.0,sedan,0,0,0,1.0
952705,20-29,upper class,0.5423362429107399,1.0,before 2015,10000.0,sedan,3,0,5,0.0
507548,10-19,middle class,0.6269620832137512,1.0,before 2015,12000.0,sports car,2,0,1,0.0
410028,20-29,middle class,0.6514572449171824,1.0,after 2015,8000.0,sedan,6,0,3,0.0
192205,20-29,working class,0.3489035295310353,1.0,before 2015,9000.0,sedan,4,2,2,0.0
384342,20-29,upper class,0.512923620015934,1.0,before 2015,6000.0,sedan,6,0,0,0.0
30983,30+,upper class,0.6080831076983438,1.0,before 2015,8000.0,sedan,6,0,3,0.0
394169,10-19,upper class,0.6099849924008637,1.0,before 2015,9000.0,sedan,0,1,0,0.0
774388,10-19,poverty,0.2341980151733733,0.0,after 2015,10000.0,sedan,2,0,1,0.0
191834,10-19,upper class,0.515812809602791,1.0,after 2015,10000.0,sedan,1,0,0,0.0
671362,10-19,upper class,0.5719653854438522,1.0,before 2015,16000.0,sedan,3,0,1,0.0
630803,0-9,upper class,0.7710060941878878,0.0,before 2015,16000.0,sedan,0,0,0,1.0
671746,10-19,upper class,0.4887111046934922,1.0,before 2015,9000.0,sedan,2,0,4,0.0
721009,10-19,upper class,0.6293245630278811,1.0,after 2015,13000.0,sedan,0,1,0,0.0
834676,20-29,upper class,0.6795108153975999,1.0,after 2015,10000.0,sedan,1,0,2,0.0
257230,20-29,middle class,0.4461930791702037,1.0,before 2015,11000.0,sedan,1,0,0,0.0
434588,20-29,middle class,0.5458549671901977,1.0,before 2015,11000.0,sedan,2,0,0,0.0
404091,30+,upper class,0.6507924653984001,1.0,before 2015,12000.0,sedan,2,1,8,0.0
839311,30+,middle class,0.515812809602791,1.0,before 2015,9000.0,sedan,4,1,6,0.0
446159,20-29,middle class,0.4876465439464826,1.0,before 2015,11697.0,sedan,0,0,0,0.0
458602,10-19,working class,0.4130576032882253,1.0,before 2015,9000.0,sedan,0,0,1,0.0
599086,10-19,upper class,0.7512264246202771,1.0,after 2015,16000.0,sedan,0,0,0,0.0
41734,20-29,upper class,0.7051793977761083,1.0,before 2015,12000.0,sedan,3,0,3,0.0
211439,10-19,middle class,0.515812809602791,0.0,before 2015,12000.0,sedan,0,0,2,0.0
558222,10-19,poverty,0.4171531938610161,0.0,before 2015,11000.0,sedan,0,0,0,1.0
771922,10-19,upper class,0.515812809602791,1.0,before 2015,12000.0,sedan,0,0,1,1.0
955052,30+,upper class,0.7040167848993909,0.0,before 2015,9000.0,sedan,8,3,2,0.0
902936,10-19,upper class,0.7672585842304487,1.0,after 2015,12000.0,sedan,0,0,0,0.0
777741,20-29,middle class,0.6031812914139848,0.0,before 2015,8000.0,sedan,1,0,0,0.0
374706,0-9,upper class,0.6036277666982275,1.0,after 2015,8000.0,sedan,0,0,0,0.0
285202,10-19,middle class,0.515812809602791,1.0,before 2015,13000.0,sedan,0,0,2,0.0
905593,0-9,working class,0.5357575590071443,1.0,before 2015,11000.0,sedan,0,0,0,1.0
784538,10-19,working class,0.4572508302646747,1.0,after 2015,11697.0,sedan,0,0,0,0.0
208879,20-29,upper class,0.6843057449427008,1.0,after 2015,11000.0,sedan,2,1,1,0.0
308876,10-19,upper class,0.515812809602791,1.0,before 2015,13000.0,sedan,0,1,0,0.0
862594,30+,upper class,0.5578691421373894,1.0,before 2015,11697.0,sedan,6,1,4,0.0
217039,0-9,poverty,0.2624461172696224,0.0,before 2015,14000.0,sedan,0,0,0,1.0
146557,10-19,middle class,0.5873798201448103,1.0,before 2015,9000.0,sedan,6,1,2,0.0
416004,20-29,upper class,0.6635196348893124,1.0,before 2015,10000.0,sedan,5,1,6,0.0
792806,30+,upper class,0.515812809602791,1.0,before 2015,9000.0,sedan,11,2,1,0.0
832941,20-29,upper class,0.5231534917481532,1.0,after 2015,16000.0,sedan,0,0,0,0.0
19748,10-19,middle class,0.6742511483255171,1.0,after 2015,10000.0,sedan,4,0,0,0.0
416380,10-19,upper class,0.7233944188837503,1.0,before 2015,13000.0,sedan,0,0,2,0.0
860165,10-19,middle class,0.5899730349102439,0.0,before 2015,9000.0,sedan,1,0,0,1.0
602235,0-9,poverty,0.3770509975396274,1.0,before 2015,13000.0,sedan,0,0,0,0.0
180310,10-19,middle class,0.5192192445150815,1.0,before 2015,11000.0,sedan,0,0,0,0.0
199886,20-29,upper class,0.6492795700696337,1.0,after 2015,9000.0,sedan,4,2,0,0.0
539702,20-29,upper class,0.5557121773732416,1.0,after 2015,13000.0,sedan,2,2,2,0.0
130128,10-19,middle class,0.515812809602791,0.0,before 2015,12000.0,sedan,1,0,0,1.0
175971,10-19,poverty,0.278515258581919,0.0,before 2015,14000.0,sedan,1,0,0,1.0
763039,10-19,upper class,0.5980540897473269,0.0,before 2015,13000.0,sedan,0,0,3,0.0
46365,20-29,upper class,0.6653609832878233,0.0,before 2015,11697.0,sedan,0,0,1,0.0
633972,0-9,working class,0.1966518580351812,1.0,before 2015,15000.0,sedan,0,0,0,0.0
733548,20-29,middle class,0.4497933664600912,1.0,before 2015,12000.0,sedan,2,0,4,0.0
855494,0-9,working class,0.4525725494473919,0.0,before 2015,11697.0,sedan,0,0,0,1.0
968690,0-9,poverty,0.2835426409650666,1.0,before 2015,11697.0,sedan,0,0,0,1.0
360899,30+,upper class,0.6898209845483038,1.0,before 2015,12000.0,sedan,3,1,4,0.0
775728,10-19,working class,0.4535986009456058,1.0,before 2015,13000.0,sedan,0,0,3,0.0
352690,0-9,middle class,0.4350849901631921,1.0,before 2015,9000.0,sedan,0,0,0,1.0
847383,20-29,upper class,0.515812809602791,1.0,before 2015,14000.0,sedan,5,1,3,0.0
777487,0-9,working class,0.4226617173783108,1.0,before 2015,12000.0,sedan,0,0,0,0.0
752655,20-29,upper class,0.5079335015243901,1.0,before 2015,9000.0,sports car,3,0,6,0.0
719837,10-19,working class,0.2204538818988185,1.0,before 2015,13000.0,sedan,2,0,1,0.0
864601,0-9,poverty,0.3398648345906033,0.0,before 2015,16000.0,sedan,0,0,0,1.0
750015,20-29,middle class,0.4076694944679065,0.0,before 2015,10000.0,sedan,3,0,1,0.0
442945,10-19,upper class,0.65319306737482,1.0,before 2015,11697.0,sedan,4,0,1,1.0
758277,0-9,upper class,0.5066478748732997,1.0,before 2015,17000.0,sedan,0,0,0,1.0
891890,0-9,poverty,0.3507586259917119,1.0,before 2015,7000.0,sedan,0,0,0,0.0
871443,20-29,upper class,0.515812809602791,1.0,before 2015,13000.0,sedan,1,0,1,0.0
560739,0-9,poverty,0.4162529756885021,0.0,before 2015,11000.0,sedan,0,0,0,1.0
763764,30+,upper class,0.5968599686931912,1.0,before 2015,15000.0,sedan,2,0,2,0.0
838106,10-19,upper class,0.5446454504752837,1.0,before 2015,11697.0,sedan,0,0,0,0.0
619528,0-9,poverty,0.287083955629214,0.0,before 2015,11697.0,sedan,0,0,0,1.0
314119,20-29,middle class,0.4983669346821314,1.0,after 2015,12000.0,sedan,2,0,0,0.0
472624,20-29,upper class,0.6817248270496551,1.0,after 2015,10000.0,sedan,2,1,3,0.0
995275,10-19,poverty,0.3907807680773941,0.0,before 2015,11000.0,sedan,1,0,1,0.0
567328,10-19,upper class,0.6686019719325447,1.0,before 2015,17000.0,sports car,0,1,2,0.0
344510,30+,upper class,0.5484006628894337,1.0,before 2015,13000.0,sedan,5,1,4,0.0
949479,10-19,middle class,0.515812809602791,1.0,before 2015,12000.0,sports car,1,0,1,1.0
226,0-9,poverty,0.4541773038411031,1.0,before 2015,15000.0,sedan,0,0,0,1.0
106270,0-9,upper class,0.515812809602791,1.0,before 2015,10000.0,sports car,0,0,0,0.0
560461,20-29,working class,0.515812809602791,0.0,before 2015,11000.0,sedan,3,0,7,0.0
605712,0-9,middle class,0.5840322145419959,1.0,before 2015,9000.0,sedan,0,0,0,1.0
112143,0-9,working class,0.1924274124285441,0.0,before 2015,11000.0,sedan,0,0,0,1.0
25825,0-9,poverty,0.515812809602791,0.0,before 2015,15000.0,sedan,0,0,0,1.0
342290,0-9,working class,0.4482136156530477,1.0,before 2015,13000.0,sports car,0,0,0,1.0
810285,10-19,working class,0.515812809602791,1.0,before 2015,11697.0,sedan,0,1,1,0.0
294244,10-19,working class,0.3184456295189433,1.0,before 2015,13000.0,sports car,1,0,2,0.0
826430,30+,upper class,0.5982081058452374,1.0,after 2015,12000.0,sedan,6,2,5,0.0
769248,20-29,upper class,0.6516496600100005,1.0,before 2015,14000.0,sedan,3,0,1,0.0
899994,0-9,poverty,0.4041085457217009,1.0,before 2015,11697.0,sedan,0,0,0,0.0
595420,0-9,working class,0.3448712040183041,0.0,before 2015,13000.0,sedan,0,0,0,1.0
264604,10-19,middle class,0.6180001370819622,1.0,before 2015,15000.0,sedan,0,0,0,0.0
949152,10-19,upper class,0.7454327103696547,0.0,after 2015,9000.0,sedan,0,0,0,0.0
915288,10-19,upper class,0.8230096283587163,1.0,before 2015,12000.0,sedan,0,0,1,0.0
156980,20-29,upper class,0.6894583760122324,1.0,after 2015,10000.0,sports car,2,0,0,0.0
544240,20-29,poverty,0.3022901934726792,0.0,before 2015,12000.0,sedan,6,0,1,0.0
533949,10-19,middle class,0.4323039303974849,1.0,before 2015,10000.0,sports car,0,0,0,0.0
696617,10-19,upper class,0.6060706124264509,1.0,before 2015,10000.0,sedan,3,1,1,0.0
836845,10-19,upper class,0.6240850982971254,0.0,after 2015,11697.0,sedan,0,0,0,0.0
39529,20-29,upper class,0.6250413249606896,1.0,before 2015,11697.0,sedan,1,0,1,0.0
411490,0-9,poverty,0.3042562428251973,1.0,before 2015,14000.0,sedan,0,0,0,1.0
579720,10-19,working class,0.4495886310379405,0.0,before 2015,11697.0,sports car,0,0,1,1.0
215397,30+,upper class,0.6486291459700178,1.0,after 2015,10000.0,sedan,5,2,7,0.0
788253,0-9,poverty,0.364249626269686,0.0,before 2015,12000.0,sedan,0,0,0,1.0
179889,10-19,working class,0.3504134685963745,0.0,before 2015,12000.0,sedan,1,0,0,1.0
839040,10-19,upper class,0.5219898989080595,1.0,before 2015,10000.0,sedan,3,2,1,0.0
132882,10-19,poverty,0.2776214501694235,1.0,before 2015,11697.0,sedan,5,0,1,0.0
270239,0-9,poverty,0.3916823983118692,0.0,before 2015,16000.0,sports car,0,0,0,1.0
428267,20-29,upper class,0.6607949382386376,1.0,after 2015,10000.0,sedan,7,0,1,0.0
723433,10-19,upper class,0.430980325123681,0.0,after 2015,11000.0,sedan,0,0,2,0.0
858684,20-29,upper class,0.515812809602791,1.0,before 2015,11000.0,sedan,2,0,2,0.0
354775,20-29,upper class,0.6097913428078408,1.0,after 2015,12000.0,sedan,3,0,2,0.0
145590,30+,upper class,0.5769851119276853,1.0,after 2015,11000.0,sedan,2,0,3,0.0
247809,20-29,upper class,0.4279715507148589,0.0,before 2015,14000.0,sedan,5,1,1,0.0
795950,20-29,upper class,0.6583678439104292,1.0,before 2015,14000.0,sedan,0,0,5,0.0
691273,0-9,middle class,0.5813431526798769,1.0,before 2015,12000.0,sedan,0,0,0,0.0
606934,30+,middle class,0.4877163705214293,1.0,before 2015,14000.0,sedan,1,1,2,0.0
707069,10-19,upper class,0.5601753532231943,1.0,after 2015,14000.0,sedan,3,0,0,0.0
584870,10-19,middle class,0.5960178820895716,1.0,before 2015,9000.0,sedan,0,0,1,0.0
176180,20-29,upper class,0.7533420090230535,1.0,before 2015,11697.0,sedan,1,0,0,0.0
792966,10-19,middle class,0.5687019891446795,1.0,before 2015,9000.0,sedan,2,0,0,0.0
715075,30+,upper class,0.6945891532766414,1.0,before 2015,11697.0,sedan,2,1,0,0.0
919241,10-19,upper class,0.507690848953627,1.0,after 2015,7000.0,sedan,3,1,4,0.0
436675,20-29,upper class,0.5650031106332037,1.0,after 2015,10000.0,sedan,6,3,1,0.0
592836,20-29,middle class,0.5048179755636425,1.0,before 2015,7000.0,sedan,1,2,4,0.0
508925,0-9,poverty,0.4724195112793811,0.0,before 2015,11000.0,sedan,0,0,0,1.0
622295,0-9,middle class,0.4928181363365424,1.0,before 2015,11000.0,sedan,0,0,0,1.0
237207,0-9,upper class,0.6408598042966944,1.0,before 2015,13000.0,sedan,0,0,0,0.0
336527,10-19,upper class,0.6369224099026874,1.0,after 2015,10000.0,sedan,1,0,1,0.0
416175,20-29,upper class,0.5196193023272175,1.0,after 2015,13000.0,sedan,3,2,6,0.0
310737,0-9,poverty,0.2859511282028409,0.0,before 2015,11697.0,sedan,0,0,0,1.0
25415,0-9,poverty,0.2550047453401925,0.0,before 2015,10000.0,sedan,0,0,0,1.0
56428,10-19,working class,0.3276972993667342,1.0,before 2015,13000.0,sedan,1,0,0,1.0
627751,10-19,upper class,0.5114308371949552,1.0,after 2015,10000.0,sedan,0,0,1,0.0
368897,20-29,middle class,0.5434086774169474,1.0,after 2015,13000.0,sedan,0,0,1,0.0
67358,20-29,middle class,0.6463796858330859,1.0,before 2015,12000.0,sedan,0,0,1,0.0
717549,10-19,upper class,0.6529489130496074,1.0,after 2015,11000.0,sedan,1,0,2,0.0
649732,10-19,upper class,0.530349303316289,1.0,before 2015,10000.0,sedan,1,1,3,0.0
459304,0-9,working class,0.4192330497534948,1.0,before 2015,12000.0,sedan,0,0,0,1.0
289772,0-9,working class,0.4296872807233908,1.0,before 2015,10000.0,sedan,0,0,0,0.0
944418,10-19,upper class,0.4887594391545332,1.0,before 2015,15000.0,sedan,0,0,0,1.0
207887,10-19,poverty,0.3450262977143895,0.0,before 2015,14000.0,sedan,0,0,2,0.0
527311,20-29,upper class,0.6781610551812627,1.0,after 2015,6000.0,sedan,6,0,1,0.0
208928,0-9,middle class,0.6266431041870515,1.0,after 2015,14000.0,sedan,0,0,0,0.0
121455,20-29,upper class,0.6552697213886661,1.0,before 2015,10000.0,sedan,3,1,0,0.0
77981,0-9,upper class,0.6705723025037389,1.0,before 2015,10000.0,sedan,0,0,0,1.0
242772,10-19,middle class,0.5036589704487734,1.0,before 2015,10000.0,sedan,1,2,0,0.0
855349,10-19,middle class,0.7534458230449081,1.0,before 2015,12000.0,sedan,4,0,1,0.0
217075,10-19,upper class,0.5859331602944396,1.0,before 2015,11000.0,sedan,0,1,0,0.0
194108,10-19,upper class,0.633071230742688,1.0,after 2015,9000.0,sedan,1,0,1,1.0
152981,10-19,working class,0.4194678754342423,0.0,before 2015,15000.0,sports car,0,0,1,1.0
818927,0-9,working class,0.4289032526470881,1.0,before 2015,11697.0,sedan,0,0,0,1.0
536597,10-19,upper class,0.515812809602791,1.0,after 2015,11000.0,sedan,5,1,0,0.0
743872,0-9,poverty,0.4174330967561421,0.0,before 2015,14000.0,sedan,0,0,0,1.0
555440,0-9,poverty,0.267552947761664,0.0,before 2015,16000.0,sedan,0,0,0,1.0
733736,10-19,upper class,0.5386463764059186,1.0,after 2015,12000.0,sedan,1,0,2,0.0
623711,30+,upper class,0.6924913175032974,1.0,after 2015,13000.0,sedan,4,0,6,0.0
432729,0-9,working class,0.355725534941864,1.0,before 2015,16000.0,sedan,0,0,0,1.0
201203,20-29,middle class,0.628190237209943,0.0,after 2015,11697.0,sedan,0,0,0,0.0
119272,30+,upper class,0.515812809602791,1.0,after 2015,9000.0,sedan,5,1,1,0.0
190345,30+,upper class,0.496581479212548,0.0,after 2015,11697.0,sedan,3,0,0,0.0
871263,10-19,upper class,0.5838061362917646,1.0,after 2015,11000.0,sedan,0,0,0,0.0
604531,20-29,working class,0.5169487326404102,1.0,before 2015,13000.0,sedan,0,0,6,0.0
443277,20-29,working class,0.3111102411897753,1.0,before 2015,13000.0,sports car,0,1,2,0.0
778864,0-9,upper class,0.3895896430375335,1.0,after 2015,11697.0,sedan,0,0,0,0.0
740462,0-9,middle class,0.5932130010058931,1.0,before 2015,9000.0,sedan,0,0,0,1.0
885584,0-9,middle class,0.5587325259975932,1.0,before 2015,14000.0,sedan,0,0,0,1.0
746388,10-19,upper class,0.515812809602791,1.0,after 2015,11697.0,sedan,1,1,0,1.0
292767,30+,upper class,0.5474226018840016,0.0,after 2015,9000.0,sedan,3,0,0,0.0
936820,10-19,working class,0.3578391720711443,1.0,before 2015,12000.0,sedan,1,0,0,1.0
859653,0-9,middle class,0.4868827078558148,0.0,before 2015,15000.0,sedan,0,0,0,1.0
214200,10-19,upper class,0.5063048514527332,1.0,after 2015,14000.0,sedan,0,0,2,0.0
11478,0-9,poverty,0.4300619438840933,0.0,before 2015,11697.0,sedan,0,0,0,1.0
813442,10-19,working class,0.3798229504651137,1.0,before 2015,10000.0,sedan,1,1,1,0.0
3131,10-19,middle class,0.4137739689907644,1.0,after 2015,11000.0,sedan,0,1,1,0.0
466096,0-9,poverty,0.515812809602791,1.0,before 2015,9000.0,sedan,0,0,0,0.0
708649,10-19,working class,0.4692142872658621,1.0,before 2015,14000.0,sedan,1,0,1,0.0
304702,10-19,middle class,0.5040140874148478,0.0,before 2015,15000.0,sedan,0,0,2,0.0
295157,20-29,upper class,0.5714999429200536,1.0,after 2015,13000.0,sedan,1,0,1,0.0
807008,10-19,poverty,0.3037442394619614,1.0,before 2015,11697.0,sedan,0,0,0,1.0
180870,20-29,upper class,0.5915072906372144,1.0,after 2015,11000.0,sedan,0,0,2,0.0
610450,0-9,upper class,0.6369108567946822,1.0,after 2015,11000.0,sedan,0,0,0,1.0
806915,20-29,upper class,0.5819448753476587,1.0,after 2015,16000.0,sedan,0,0,1,0.0
578035,20-29,upper class,0.6211206784777938,1.0,before 2015,10000.0,sedan,1,1,2,0.0
598271,10-19,middle class,0.5780625582423655,1.0,before 2015,11697.0,sedan,0,0,0,0.0
17397,10-19,upper class,0.6703646273576891,1.0,after 2015,11000.0,sedan,0,0,1,0.0
227900,0-9,poverty,0.239237292465458,0.0,after 2015,15000.0,sedan,0,0,0,0.0
118179,10-19,middle class,0.4023758068648589,1.0,before 2015,14000.0,sports car,1,0,1,1.0
409904,0-9,upper class,0.5585067510751159,1.0,after 2015,11697.0,sports car,0,0,0,0.0
988365,20-29,middle class,0.7103381761541934,1.0,before 2015,11697.0,sedan,1,1,0,0.0
625037,0-9,upper class,0.6840376256963578,1.0,before 2015,7000.0,sedan,0,0,0,1.0
277454,0-9,upper class,0.7246516260211215,1.0,after 2015,15000.0,sedan,0,0,0,0.0
558054,30+,upper class,0.7506033319372304,1.0,before 2015,10000.0,sedan,3,1,4,0.0
802774,0-9,upper class,0.7455090188134991,1.0,before 2015,10000.0,sedan,0,0,0,0.0
382139,20-29,upper class,0.6275311090640938,1.0,after 2015,14000.0,sedan,3,0,6,0.0
416994,0-9,upper class,0.6498380486598201,1.0,before 2015,13000.0,sedan,0,0,0,0.0
457497,20-29,upper class,0.609711031981781,1.0,after 2015,11697.0,sedan,5,0,4,0.0
4747,20-29,middle class,0.6534312027273705,1.0,before 2015,10000.0,sedan,0,0,0,0.0
187139,0-9,poverty,0.3813670253394419,1.0,after 2015,12000.0,sedan,0,0,0,0.0
545108,20-29,middle class,0.527208345033553,1.0,before 2015,13000.0,sedan,1,1,2,1.0
458901,0-9,working class,0.4773131483654282,0.0,before 2015,16000.0,sedan,0,0,0,1.0
170435,0-9,poverty,0.4126367860235233,1.0,before 2015,13000.0,sedan,0,0,0,0.0
344827,20-29,middle class,0.4596170604546482,1.0,after 2015,10000.0,sedan,3,1,3,0.0
512465,20-29,upper class,0.5049157235092349,1.0,before 2015,11697.0,sedan,4,1,1,0.0
155120,20-29,upper class,0.6426470824074021,1.0,before 2015,10000.0,sedan,2,0,0,0.0
74669,0-9,middle class,0.5790357095035605,1.0,after 2015,14000.0,sedan,0,0,0,0.0
564276,10-19,upper class,0.6654465106165252,0.0,after 2015,14000.0,sedan,3,1,0,1.0
977617,20-29,middle class,0.7005592185702892,1.0,after 2015,12000.0,sedan,2,0,0,1.0
16212,10-19,poverty,0.2738592348759809,0.0,after 2015,14000.0,sedan,2,0,3,0.0
913451,30+,middle class,0.4628364662982673,1.0,before 2015,11697.0,sedan,5,0,2,0.0
506705,10-19,poverty,0.515812809602791,0.0,before 2015,9000.0,sports car,3,0,0,1.0
768767,0-9,upper class,0.7226016411670321,0.0,before 2015,11697.0,sedan,0,0,0,1.0
350437,10-19,poverty,0.3204049009931331,0.0,before 2015,13000.0,sedan,1,0,0,0.0
578232,30+,middle class,0.515812809602791,0.0,before 2015,11000.0,sedan,2,0,0,0.0
53365,10-19,working class,0.4381134264030172,0.0,before 2015,11000.0,sedan,0,0,0,0.0
967513,20-29,upper class,0.73950799300585,1.0,after 2015,11000.0,sedan,1,0,5,0.0
443325,10-19,poverty,0.3388037064687044,0.0,before 2015,11000.0,sedan,1,0,2,1.0
392401,20-29,upper class,0.6173695276288708,1.0,after 2015,11000.0,sedan,3,3,0,0.0
772749,0-9,upper class,0.6129038867784491,1.0,after 2015,11000.0,sedan,0,0,0,0.0
625190,20-29,upper class,0.5822318867802224,1.0,after 2015,13000.0,sedan,2,0,3,0.0
94852,10-19,upper class,0.6927344580708275,0.0,after 2015,9000.0,sedan,1,0,1,0.0
668720,20-29,poverty,0.3994501842011815,0.0,before 2015,6000.0,sedan,6,0,1,0.0
84792,10-19,upper class,0.515812809602791,1.0,after 2015,12000.0,sedan,0,0,1,0.0
363045,10-19,middle class,0.515812809602791,0.0,before 2015,11000.0,sedan,4,0,1,0.0
962966,10-19,poverty,0.4217691019197355,0.0,before 2015,11000.0,sedan,0,0,1,1.0
431488,10-19,upper class,0.4455147420403712,1.0,before 2015,13000.0,sedan,1,0,1,0.0
103367,20-29,middle class,0.5972652576753138,1.0,before 2015,13000.0,sedan,4,1,2,0.0
2375,10-19,middle class,0.3968410195135481,0.0,before 2015,13000.0,sedan,0,1,0,1.0
137899,30+,upper class,0.5530831213013543,1.0,before 2015,10000.0,sedan,1,0,10,0.0
187735,20-29,upper class,0.5860322133857707,1.0,before 2015,13000.0,sedan,1,0,5,0.0
279012,0-9,poverty,0.4335349732716725,0.0,before 2015,16000.0,sedan,0,0,0,1.0
664908,20-29,upper class,0.7787343270386715,1.0,before 2015,9000.0,sedan,4,0,4,0.0
277229,10-19,middle class,0.5804717515794329,1.0,before 2015,11000.0,sedan,1,2,2,0.0
513302,0-9,middle class,0.4412263206782428,1.0,before 2015,10000.0,sedan,0,0,0,1.0
324448,0-9,poverty,0.2652885371930958,0.0,before 2015,11697.0,sedan,0,0,0,1.0
757729,20-29,upper class,0.7293609365968912,1.0,after 2015,7000.0,sedan,2,0,1,0.0
102601,0-9,upper class,0.615640833707188,1.0,after 2015,11697.0,sedan,0,0,0,0.0
921160,0-9,upper class,0.6665366387018726,1.0,before 2015,9000.0,sedan,0,0,0,0.0
263650,10-19,poverty,0.4978181078554071,1.0,before 2015,13000.0,sedan,0,0,0,0.0
177683,10-19,middle class,0.4510035325239147,1.0,before 2015,11697.0,sedan,0,1,1,0.0
513497,0-9,poverty,0.515812809602791,1.0,before 2015,13000.0,sedan,0,0,0,1.0
508233,0-9,upper class,0.5166292248757678,1.0,after 2015,14000.0,sedan,0,0,0,0.0
197012,0-9,upper class,0.6949795160925676,1.0,after 2015,12000.0,sedan,0,0,0,0.0
790700,30+,upper class,0.4840611142135751,1.0,before 2015,14000.0,sedan,3,1,2,0.0
684447,0-9,poverty,0.2639219473350823,0.0,before 2015,11000.0,sedan,0,0,0,1.0
644662,10-19,working class,0.3151293556030717,0.0,before 2015,11697.0,sedan,2,0,1,0.0
229960,10-19,middle class,0.4403460315331537,1.0,after 2015,14000.0,sedan,2,0,1,0.0
472175,10-19,poverty,0.515812809602791,1.0,before 2015,13000.0,sedan,1,0,0,0.0
627921,0-9,working class,0.412721534132624,1.0,before 2015,12000.0,sedan,0,0,0,1.0
924520,0-9,upper class,0.7519971243463806,1.0,before 2015,9000.0,sedan,0,0,0,0.0
616551,20-29,upper class,0.6327268251967444,1.0,before 2015,15000.0,sedan,1,0,2,0.0
360059,0-9,middle class,0.5562364476839974,0.0,before 2015,11000.0,sedan,0,0,0,1.0
606287,0-9,poverty,0.515812809602791,0.0,before 2015,15000.0,sedan,0,0,0,1.0
39769,30+,upper class,0.7063009021300406,1.0,before 2015,13000.0,sedan,3,0,0,0.0
693046,0-9,middle class,0.518143953834333,1.0,before 2015,11000.0,sedan,0,0,0,1.0
802297,10-19,working class,0.4846708440812426,0.0,before 2015,15000.0,sedan,2,0,0,1.0
856867,0-9,middle class,0.5593426171631724,0.0,after 2015,12000.0,sedan,0,0,0,0.0
171600,10-19,poverty,0.4475562405871088,1.0,before 2015,17000.0,sedan,1,0,0,1.0
32252,0-9,poverty,0.5028991268615003,0.0,before 2015,13000.0,sedan,0,0,0,1.0
53818,10-19,upper class,0.515812809602791,1.0,after 2015,11697.0,sedan,5,0,1,0.0
90176,0-9,poverty,0.3842342291965312,0.0,before 2015,9000.0,sedan,0,0,0,1.0
491438,0-9,poverty,0.515812809602791,0.0,before 2015,9000.0,sedan,0,0,0,1.0
577364,30+,upper class,0.487878682997909,0.0,before 2015,12000.0,sedan,3,0,2,0.0
276387,20-29,upper class,0.8706105407338979,1.0,after 2015,10000.0,sports car,5,2,1,0.0
791350,10-19,middle class,0.515812809602791,1.0,after 2015,14000.0,sedan,2,0,2,0.0
241658,10-19,upper class,0.6609209294591889,0.0,before 2015,12000.0,sedan,0,0,0,0.0
893383,10-19,middle class,0.4661136767565796,1.0,after 2015,6000.0,sedan,2,1,3,0.0
212573,0-9,poverty,0.2673466585061873,0.0,before 2015,17000.0,sedan,0,0,0,0.0
357983,30+,upper class,0.7180679557502564,1.0,before 2015,12000.0,sedan,4,1,5,0.0
873573,0-9,poverty,0.2739856772686334,0.0,before 2015,11000.0,sedan,0,0,0,1.0
887384,10-19,poverty,0.6002465292424253,0.0,before 2015,7000.0,sedan,3,0,3,0.0
364765,0-9,upper class,0.700903983018759,1.0,after 2015,13000.0,sedan,0,0,0,0.0
157338,0-9,poverty,0.2150234265757672,0.0,before 2015,14000.0,sedan,0,0,0,1.0
66436,20-29,middle class,0.6969278624817129,1.0,before 2015,8000.0,sedan,2,0,1,0.0
873153,0-9,working class,0.3114582357707357,0.0,before 2015,16000.0,sedan,0,0,0,1.0
576135,10-19,middle class,0.6445534831335273,1.0,before 2015,10000.0,sedan,1,0,0,0.0
709815,0-9,working class,0.3254641557828133,1.0,before 2015,13000.0,sedan,0,0,0,1.0
10843,20-29,upper class,0.5873836120460223,0.0,after 2015,9000.0,sedan,10,2,0,0.0
616068,0-9,poverty,0.3991136105635735,1.0,before 2015,8000.0,sedan,0,0,0,1.0
451123,0-9,poverty,0.3528605617419292,1.0,before 2015,10000.0,sedan,0,0,0,1.0
820579,20-29,upper class,0.4033992451737849,1.0,after 2015,15000.0,sedan,2,1,3,0.0
603013,10-19,middle class,0.4056368272230281,1.0,after 2015,16000.0,sedan,2,0,0,0.0
388188,20-29,poverty,0.2525512961252093,0.0,before 2015,13000.0,sedan,3,0,2,0.0
542901,10-19,upper class,0.7198993235950351,1.0,before 2015,12000.0,sedan,4,0,0,0.0
960933,30+,upper class,0.7802098585527684,1.0,after 2015,9000.0,sedan,6,1,3,0.0
117869,20-29,upper class,0.5489150697748575,1.0,after 2015,10000.0,sedan,1,0,2,0.0
733833,0-9,middle class,0.5979347864750699,1.0,before 2015,13000.0,sedan,0,0,0,1.0
83894,20-29,working class,0.5858943451029358,1.0,before 2015,11697.0,sedan,2,0,1,0.0
560952,0-9,poverty,0.3211324163746242,1.0,before 2015,12000.0,sedan,0,0,0,0.0
299897,10-19,working class,0.3648866465260174,0.0,before 2015,14000.0,sedan,1,0,0,0.0
168954,10-19,middle class,0.4471073549724479,1.0,before 2015,11000.0,sedan,1,0,2,0.0
613717,0-9,poverty,0.4301725188324181,0.0,before 2015,14000.0,sports car,0,0,0,1.0
92879,10-19,working class,0.3348932498220019,0.0,after 2015,14000.0,sedan,0,0,2,0.0
201110,0-9,poverty,0.3565970805276302,0.0,before 2015,14000.0,sedan,0,0,0,1.0
364406,20-29,upper class,0.515812809602791,0.0,after 2015,12000.0,sedan,2,0,6,0.0
981297,30+,upper class,0.7305352533802977,1.0,before 2015,14000.0,sedan,3,1,3,0.0
826708,10-19,upper class,0.5263058774047339,1.0,after 2015,14000.0,sedan,3,0,0,0.0
888155,10-19,upper class,0.5448005213296326,1.0,before 2015,12000.0,sedan,1,0,1,0.0
330143,10-19,upper class,0.734556255792773,1.0,before 2015,9000.0,sedan,0,1,0,0.0
346658,0-9,middle class,0.4998626811775605,1.0,before 2015,14000.0,sedan,0,0,0,0.0
251778,0-9,poverty,0.3821187918865734,1.0,before 2015,15000.0,sedan,0,0,0,1.0
184428,10-19,middle class,0.5889873080271124,1.0,after 2015,7000.0,sedan,4,0,1,0.0
703794,0-9,upper class,0.6819611420152124,1.0,after 2015,7000.0,sedan,0,0,0,0.0
829285,30+,middle class,0.5957746803092747,1.0,before 2015,8000.0,sedan,3,1,3,0.0
572801,10-19,poverty,0.4727403772012601,0.0,before 2015,11000.0,sedan,1,0,0,1.0
143654,0-9,poverty,0.3190805295725597,0.0,before 2015,16000.0,sedan,0,0,0,1.0
242935,30+,upper class,0.5965456185989815,1.0,before 2015,13000.0,sedan,5,1,4,0.0
35051,0-9,working class,0.2428566469410784,1.0,before 2015,11000.0,sedan,0,0,0,0.0
111291,0-9,upper class,0.6590428828046322,1.0,after 2015,9000.0,sedan,0,0,0,0.0
858988,10-19,poverty,0.2270518308808149,0.0,before 2015,8000.0,sedan,1,0,0,1.0
337154,20-29,upper class,0.6092538270787325,0.0,after 2015,11000.0,sedan,2,0,2,0.0
132825,30+,upper class,0.6109993088255848,1.0,before 2015,12000.0,sedan,10,1,2,0.0
609636,10-19,working class,0.4444563698879946,1.0,before 2015,13000.0,sedan,0,0,1,0.0
133396,30+,upper class,0.4965930614089602,1.0,after 2015,10000.0,sedan,2,1,3,0.0
671968,20-29,middle class,0.4550563031107966,1.0,before 2015,14000.0,sedan,2,1,1,0.0
517060,10-19,upper class,0.5448318212148475,1.0,before 2015,12000.0,sedan,1,0,0,0.0
53655,0-9,poverty,0.2877497137309024,0.0,before 2015,17000.0,sedan,0,0,0,1.0
967747,0-9,working class,0.3987313542454155,0.0,before 2015,12000.0,sedan,0,0,0,0.0
61471,0-9,working class,0.3907774641073533,1.0,before 2015,10000.0,sedan,0,0,0,1.0
3626,20-29,upper class,0.5608185568639399,1.0,after 2015,11000.0,sedan,1,0,1,0.0
817893,0-9,upper class,0.6404262676947586,1.0,before 2015,12000.0,sedan,0,0,0,0.0
276564,10-19,working class,0.515812809602791,0.0,before 2015,15000.0,sedan,0,1,2,0.0
880036,0-9,poverty,0.2307432643975241,0.0,before 2015,9000.0,sports car,0,0,0,1.0
196865,20-29,upper class,0.515812809602791,1.0,after 2015,6000.0,sedan,6,0,5,0.0
591696,20-29,upper class,0.6366509961363068,1.0,after 2015,11697.0,sedan,3,0,1,0.0
467419,10-19,upper class,0.6361543116268411,1.0,before 2015,9000.0,sedan,0,0,0,0.0
863165,10-19,upper class,0.6089308232085261,1.0,before 2015,12000.0,sedan,0,0,0,0.0
220269,30+,upper class,0.5824680179178995,1.0,before 2015,14000.0,sedan,1,1,3,0.0
123718,10-19,poverty,0.3687552634913043,0.0,before 2015,8000.0,sedan,1,0,1,0.0
98194,30+,upper class,0.6381252493051189,1.0,before 2015,9000.0,sedan,4,0,6,0.0
911614,10-19,middle class,0.4631298696568432,1.0,after 2015,13000.0,sedan,2,0,0,0.0
135709,20-29,upper class,0.6137617811958841,1.0,after 2015,8000.0,sedan,1,0,5,0.0
690340,10-19,upper class,0.646020544496006,1.0,after 2015,9000.0,sedan,5,0,0,0.0
522707,30+,upper class,0.5944585157381121,1.0,before 2015,14000.0,sedan,4,0,4,0.0
791917,20-29,upper class,0.6789547922251441,1.0,after 2015,11697.0,sedan,7,0,0,0.0
953565,0-9,upper class,0.6989439112198247,0.0,after 2015,12000.0,sedan,0,0,0,1.0
958262,0-9,upper class,0.515812809602791,1.0,before 2015,7000.0,sedan,0,0,0,1.0
905027,10-19,middle class,0.4564119861529349,1.0,before 2015,12000.0,sedan,0,1,2,0.0
971269,0-9,poverty,0.3511035911519817,0.0,before 2015,15000.0,sedan,0,0,0,1.0
615462,10-19,upper class,0.6329454562699235,1.0,after 2015,15000.0,sedan,0,0,0,0.0
294112,30+,upper class,0.4609072687719204,0.0,after 2015,8000.0,sedan,3,0,5,0.0
245852,10-19,middle class,0.5839314559764571,1.0,after 2015,11000.0,sedan,3,1,1,0.0
348341,10-19,upper class,0.7168125322882501,1.0,before 2015,12000.0,sedan,0,0,0,0.0
100769,10-19,poverty,0.4095635873512519,0.0,before 2015,13000.0,sedan,0,0,0,0.0
514747,10-19,middle class,0.6590533905476411,1.0,before 2015,11000.0,sedan,0,0,1,0.0
28477,20-29,working class,0.515812809602791,0.0,before 2015,12000.0,sedan,3,0,6,0.0
183837,20-29,upper class,0.5172578396228402,1.0,before 2015,13000.0,sedan,1,0,0,0.0
